{
    "time": {
        "cpu_time_user": "00:00:06.660",
        "cpu_time_system": "00:00:00.240",
        "runtime": "00:00:08.320",
        "cpu_time_iowait": "00:00:00.000"
    },
    "peak_resources": {
        "cpu_percent": 116.1,
        "memory_rss": "54MiB",
        "memory_vms": "82MiB",
        "threads": 1
    },
    "avg_resources": {
        "cpu_percent": 81.49848484848485,
        "memory_rss": "48MiB",
        "memory_vms": "76MiB",
        "threads": 0.9848484848484849
    }
}