{
    "time": {
        "cpu_time_user": "00:00:01.149",
        "cpu_time_system": "00:00:00.160",
        "runtime": "00:00:01.353",
        "cpu_time_iowait": "00:00:00.000"
    },
    "peak_resources": {
        "cpu_percent": 107.3,
        "memory_rss": "100MiB",
        "memory_vms": "243MiB",
        "threads": 2
    },
    "avg_resources": {
        "cpu_percent": 83.8866666666667,
        "memory_rss": "57MiB",
        "memory_vms": "179MiB",
        "threads": 1.5333333333333334
    }
}