{
    "time": {
        "cpu_time_user": "00:00:07.230",
        "cpu_time_system": "00:00:00.370",
        "runtime": "00:00:07.634",
        "cpu_time_iowait": "00:00:00.000"
    },
    "peak_resources": {
        "cpu_percent": 111.3,
        "memory_rss": "145MiB",
        "memory_vms": "277MiB",
        "threads": 2
    },
    "avg_resources": {
        "cpu_percent": 96.93684210526315,
        "memory_rss": "100MiB",
        "memory_vms": "233MiB",
        "threads": 1.9078947368421053
    }
}