{
	"design__instance__count__setup_buffer": 0,
	"design__instance__count__hold_buffer": 6,
	"design__instance__displacement__total": 24.166,
	"design__instance__displacement__mean": 0.033,
	"design__instance__displacement__max": 5.02,
	"route__wirelength__estimated": 970.104,
	"design__violations": 0,
	"design__io": 30,
	"design__die__area": 45758.7,
	"design__core__area": 38647.1,
	"design__instance__count": 587,
	"design__instance__area": 1049.76,
	"design__instance__count__stdcell": 587,
	"design__instance__area__stdcell": 1049.76,
	"design__instance__count__macros": 0,
	"design__instance__area__macros": 0,
	"design__instance__utilization": 0.0271627,
	"design__instance__utilization__stdcell": 0.0271627,
	"flow__warnings__count": 33696,
	"flow__errors__count": 0
}