{
    "time": {
        "cpu_time_user": "00:00:03.149",
        "cpu_time_system": "00:00:00.420",
        "runtime": "00:00:03.593",
        "cpu_time_iowait": "00:00:00.000"
    },
    "peak_resources": {
        "cpu_percent": 119.7,
        "memory_rss": "183MiB",
        "memory_vms": "316MiB",
        "threads": 2
    },
    "avg_resources": {
        "cpu_percent": 93.80588235294118,
        "memory_rss": "95MiB",
        "memory_vms": "227MiB",
        "threads": 1.8235294117647058
    }
}