{
    "time": {
        "cpu_time_user": "00:00:04.589",
        "cpu_time_system": "00:00:00.380",
        "runtime": "00:00:04.999",
        "cpu_time_iowait": "00:00:00.000"
    },
    "peak_resources": {
        "cpu_percent": 111.6,
        "memory_rss": "29MiB",
        "memory_vms": "33MiB",
        "threads": 1
    },
    "avg_resources": {
        "cpu_percent": 94.65306122448976,
        "memory_rss": "18MiB",
        "memory_vms": "22MiB",
        "threads": 0.9795918367346939
    }
}