{
    "time": {
        "cpu_time_user": "00:00:04.120",
        "cpu_time_system": "00:00:00.340",
        "runtime": "00:00:04.525",
        "cpu_time_iowait": "00:00:00.000"
    },
    "peak_resources": {
        "cpu_percent": 107.3,
        "memory_rss": "29MiB",
        "memory_vms": "33MiB",
        "threads": 1
    },
    "avg_resources": {
        "cpu_percent": 94.02222222222223,
        "memory_rss": "18MiB",
        "memory_vms": "21MiB",
        "threads": 0.9777777777777777
    }
}