{
    "time": {
        "cpu_time_user": "00:00:01.449",
        "cpu_time_system": "00:00:00.220",
        "runtime": "00:00:01.719",
        "cpu_time_iowait": "00:00:00.000"
    },
    "peak_resources": {
        "cpu_percent": 108.9,
        "memory_rss": "120MiB",
        "memory_vms": "247MiB",
        "threads": 2
    },
    "avg_resources": {
        "cpu_percent": 86.94210526315791,
        "memory_rss": "75MiB",
        "memory_vms": "194MiB",
        "threads": 1.631578947368421
    }
}