{
    "time": {
        "cpu_time_user": "00:00:01.780",
        "cpu_time_system": "00:00:00.190",
        "runtime": "00:00:02.076",
        "cpu_time_iowait": "00:00:00.000"
    },
    "peak_resources": {
        "cpu_percent": 108.6,
        "memory_rss": "104MiB",
        "memory_vms": "238MiB",
        "threads": 2
    },
    "avg_resources": {
        "cpu_percent": 86.16818181818184,
        "memory_rss": "67MiB",
        "memory_vms": "185MiB",
        "threads": 1.6363636363636365
    }
}