{
    "time": {
        "cpu_time_user": "00:00:02.470",
        "cpu_time_system": "00:00:00.240",
        "runtime": "00:00:02.814",
        "cpu_time_iowait": "00:00:00.000"
    },
    "peak_resources": {
        "cpu_percent": 108.6,
        "memory_rss": "107MiB",
        "memory_vms": "239MiB",
        "threads": 2
    },
    "avg_resources": {
        "cpu_percent": 89.76428571428572,
        "memory_rss": "68MiB",
        "memory_vms": "188MiB",
        "threads": 1.6785714285714286
    }
}