{
    "time": {
        "cpu_time_user": "00:00:02.600",
        "cpu_time_system": "00:00:00.290",
        "runtime": "00:00:04.328",
        "cpu_time_iowait": "00:00:00.000"
    },
    "peak_resources": {
        "cpu_percent": 117.0,
        "memory_rss": "120MiB",
        "memory_vms": "248MiB",
        "threads": 2
    },
    "avg_resources": {
        "cpu_percent": 63.08536585365854,
        "memory_rss": "81MiB",
        "memory_vms": "211MiB",
        "threads": 1.7804878048780488
    }
}