{
    "time": {
        "cpu_time_user": "00:00:02.220",
        "cpu_time_system": "00:00:00.110",
        "runtime": "00:00:02.940",
        "cpu_time_iowait": "00:00:00.000"
    },
    "peak_resources": {
        "cpu_percent": 146.2,
        "memory_rss": "29MiB",
        "memory_vms": "32MiB",
        "threads": 1
    },
    "avg_resources": {
        "cpu_percent": 75.12592592592597,
        "memory_rss": "16MiB",
        "memory_vms": "19MiB",
        "threads": 0.9629629629629629
    }
}