{
    "time": {
        "cpu_time_user": "00:00:02.060",
        "cpu_time_system": "00:00:00.200",
        "runtime": "00:00:02.305",
        "cpu_time_iowait": "00:00:00.000"
    },
    "peak_resources": {
        "cpu_percent": 110.9,
        "memory_rss": "114MiB",
        "memory_vms": "247MiB",
        "threads": 2
    },
    "avg_resources": {
        "cpu_percent": 89.90000000000002,
        "memory_rss": "73MiB",
        "memory_vms": "198MiB",
        "threads": 1.7083333333333333
    }
}