{
    "time": {
        "cpu_time_user": "00:00:02.470",
        "cpu_time_system": "00:00:00.290",
        "runtime": "00:00:03.527",
        "cpu_time_iowait": "00:00:00.000"
    },
    "peak_resources": {
        "cpu_percent": 136.0,
        "memory_rss": "120MiB",
        "memory_vms": "248MiB",
        "threads": 2
    },
    "avg_resources": {
        "cpu_percent": 74.76470588235294,
        "memory_rss": "73MiB",
        "memory_vms": "199MiB",
        "threads": 1.6470588235294117
    }
}