{
    "time": {
        "cpu_time_user": "00:00:02.209",
        "cpu_time_system": "00:00:00.100",
        "runtime": "00:00:02.731",
        "cpu_time_iowait": "00:00:00.000"
    },
    "peak_resources": {
        "cpu_percent": 106.3,
        "memory_rss": "29MiB",
        "memory_vms": "32MiB",
        "threads": 1
    },
    "avg_resources": {
        "cpu_percent": 77.49230769230766,
        "memory_rss": "18MiB",
        "memory_vms": "21MiB",
        "threads": 0.9615384615384616
    }
}