{
    "time": {
        "cpu_time_user": "00:00:02.009",
        "cpu_time_system": "00:00:00.210",
        "runtime": "00:00:02.258",
        "cpu_time_iowait": "00:00:00.000"
    },
    "peak_resources": {
        "cpu_percent": 108.6,
        "memory_rss": "114MiB",
        "memory_vms": "247MiB",
        "threads": 2
    },
    "avg_resources": {
        "cpu_percent": 90.17916666666667,
        "memory_rss": "73MiB",
        "memory_vms": "198MiB",
        "threads": 1.7083333333333333
    }
}