{
	"design__max_slew_violation__count__corner:nom_tt_025C_1v80": 0,
	"design__max_fanout_violation__count__corner:nom_tt_025C_1v80": 0,
	"design__max_cap_violation__count__corner:nom_tt_025C_1v80": 0,
	"power__internal__total": 3.05011e-05,
	"power__switching__total": 5.15704e-06,
	"power__leakage__total": 6.92094e-10,
	"power__total": 3.56588e-05,
	"clock__skew__worst_hold__corner:nom_tt_025C_1v80": -0.250957,
	"clock__skew__worst_setup__corner:nom_tt_025C_1v80": 0.250955,
	"timing__hold__ws__corner:nom_tt_025C_1v80": 0.348063,
	"timing__setup__ws__corner:nom_tt_025C_1v80": 18.8757,
	"timing__hold__tns__corner:nom_tt_025C_1v80": 0,
	"timing__setup__tns__corner:nom_tt_025C_1v80": 0,
	"timing__hold__wns__corner:nom_tt_025C_1v80": 0,
	"timing__setup__wns__corner:nom_tt_025C_1v80": 0,
	"timing__hold_vio__count__corner:nom_tt_025C_1v80": 0,
	"timing__hold_r2r__ws__corner:nom_tt_025C_1v80": 0.348063,
	"timing__hold_r2r_vio__count__corner:nom_tt_025C_1v80": 0,
	"timing__setup_vio__count__corner:nom_tt_025C_1v80": 0,
	"timing__setup_r2r__ws__corner:nom_tt_025C_1v80": 23.6894,
	"timing__setup_r2r_vio__count__corner:nom_tt_025C_1v80": 0,
	"flow__warnings__count": 0,
	"flow__errors__count": 0
}