{
    "time": {
        "cpu_time_user": "00:00:02.500",
        "cpu_time_system": "00:00:00.490",
        "runtime": "00:00:03.060",
        "cpu_time_iowait": "00:00:00.000"
    },
    "peak_resources": {
        "cpu_percent": 108.7,
        "memory_rss": "165MiB",
        "memory_vms": "298MiB",
        "threads": 2
    },
    "avg_resources": {
        "cpu_percent": 91.16333333333333,
        "memory_rss": "86MiB",
        "memory_vms": "212MiB",
        "threads": 1.7333333333333334
    }
}