{
    "time": {
        "cpu_time_user": "00:00:01.750",
        "cpu_time_system": "00:00:00.230",
        "runtime": "00:00:02.019",
        "cpu_time_iowait": "00:00:00.000"
    },
    "peak_resources": {
        "cpu_percent": 109.3,
        "memory_rss": "120MiB",
        "memory_vms": "248MiB",
        "threads": 2
    },
    "avg_resources": {
        "cpu_percent": 88.49047619047619,
        "memory_rss": "77MiB",
        "memory_vms": "199MiB",
        "threads": 1.6666666666666667
    }
}