{
    "time": {
        "cpu_time_user": "00:00:05.480",
        "cpu_time_system": "00:00:00.590",
        "runtime": "00:00:08.926",
        "cpu_time_iowait": "00:00:00.000"
    },
    "peak_resources": {
        "cpu_percent": 108.5,
        "memory_rss": "30MiB",
        "memory_vms": "34MiB",
        "threads": 1
    },
    "avg_resources": {
        "cpu_percent": 66.13975903614455,
        "memory_rss": "19MiB",
        "memory_vms": "23MiB",
        "threads": 0.9879518072289156
    }
}