{
    "time": {
        "cpu_time_user": "00:00:01.110",
        "cpu_time_system": "00:00:00.160",
        "runtime": "00:00:01.354",
        "cpu_time_iowait": "00:00:00.000"
    },
    "peak_resources": {
        "cpu_percent": 107.7,
        "memory_rss": "100MiB",
        "memory_vms": "243MiB",
        "threads": 2
    },
    "avg_resources": {
        "cpu_percent": 81.22666666666666,
        "memory_rss": "51MiB",
        "memory_vms": "162MiB",
        "threads": 1.4666666666666666
    }
}