{
    "time": {
        "cpu_time_user": "00:00:02.600",
        "cpu_time_system": "00:00:00.310",
        "runtime": "00:00:04.521",
        "cpu_time_iowait": "00:00:00.000"
    },
    "peak_resources": {
        "cpu_percent": 108.8,
        "memory_rss": "120MiB",
        "memory_vms": "248MiB",
        "threads": 2
    },
    "avg_resources": {
        "cpu_percent": 60.35121951219512,
        "memory_rss": "92MiB",
        "memory_vms": "219MiB",
        "threads": 1.829268292682927
    }
}