{
    "time": {
        "cpu_time_user": "00:00:02.209",
        "cpu_time_system": "00:00:00.090",
        "runtime": "00:00:02.392",
        "cpu_time_iowait": "00:00:00.000"
    },
    "peak_resources": {
        "cpu_percent": 116.7,
        "memory_rss": "29MiB",
        "memory_vms": "32MiB",
        "threads": 1
    },
    "avg_resources": {
        "cpu_percent": 88.23043478260868,
        "memory_rss": "17MiB",
        "memory_vms": "20MiB",
        "threads": 0.9565217391304348
    }
}