{
    "time": {
        "cpu_time_user": "00:00:02.480",
        "cpu_time_system": "00:00:00.300",
        "runtime": "00:00:03.661",
        "cpu_time_iowait": "00:00:00.000"
    },
    "peak_resources": {
        "cpu_percent": 111.0,
        "memory_rss": "120MiB",
        "memory_vms": "248MiB",
        "threads": 2
    },
    "avg_resources": {
        "cpu_percent": 71.78285714285715,
        "memory_rss": "84MiB",
        "memory_vms": "210MiB",
        "threads": 1.7428571428571429
    }
}