{
    "time": {
        "cpu_time_user": "00:00:02.229",
        "cpu_time_system": "00:00:00.100",
        "runtime": "00:00:03.012",
        "cpu_time_iowait": "00:00:00.000"
    },
    "peak_resources": {
        "cpu_percent": 108.4,
        "memory_rss": "29MiB",
        "memory_vms": "32MiB",
        "threads": 1
    },
    "avg_resources": {
        "cpu_percent": 72.60714285714286,
        "memory_rss": "17MiB",
        "memory_vms": "20MiB",
        "threads": 0.9642857142857143
    }
}