{
    "time": {
        "cpu_time_user": "00:00:01.810",
        "cpu_time_system": "00:00:00.230",
        "runtime": "00:00:02.093",
        "cpu_time_iowait": "00:00:00.000"
    },
    "peak_resources": {
        "cpu_percent": 112.1,
        "memory_rss": "114MiB",
        "memory_vms": "247MiB",
        "threads": 2
    },
    "avg_resources": {
        "cpu_percent": 88.59090909090907,
        "memory_rss": "72MiB",
        "memory_vms": "196MiB",
        "threads": 1.6818181818181819
    }
}