{
	"design__max_slew_violation__count__corner:nom_tt_025C_1v80": 0,
	"design__max_fanout_violation__count__corner:nom_tt_025C_1v80": 0,
	"design__max_cap_violation__count__corner:nom_tt_025C_1v80": 0,
	"power__internal__total": 8.22376e-06,
	"power__switching__total": 1.6688e-07,
	"power__leakage__total": 5.77805e-10,
	"power__total": 8.39122e-06,
	"clock__skew__worst_hold__corner:nom_tt_025C_1v80": -0.250176,
	"clock__skew__worst_setup__corner:nom_tt_025C_1v80": 0.250087,
	"timing__hold__ws__corner:nom_tt_025C_1v80": 0.24904,
	"timing__setup__ws__corner:nom_tt_025C_1v80": 19.1785,
	"timing__hold__tns__corner:nom_tt_025C_1v80": 0,
	"timing__setup__tns__corner:nom_tt_025C_1v80": 0,
	"timing__hold__wns__corner:nom_tt_025C_1v80": 0,
	"timing__setup__wns__corner:nom_tt_025C_1v80": 0,
	"timing__hold_vio__count__corner:nom_tt_025C_1v80": 0,
	"timing__hold_r2r__ws__corner:nom_tt_025C_1v80": 0.24904,
	"timing__hold_r2r_vio__count__corner:nom_tt_025C_1v80": 0,
	"timing__setup_vio__count__corner:nom_tt_025C_1v80": 0,
	"timing__setup_r2r__ws__corner:nom_tt_025C_1v80": 24.1065,
	"timing__setup_r2r_vio__count__corner:nom_tt_025C_1v80": 0,
	"flow__warnings__count": 0,
	"flow__errors__count": 0
}