{
    "time": {
        "cpu_time_user": "00:00:34.539",
        "cpu_time_system": "00:00:00.530",
        "runtime": "00:00:35.246",
        "cpu_time_iowait": "00:00:00.000"
    },
    "peak_resources": {
        "cpu_percent": 113.7,
        "memory_rss": "196MiB",
        "memory_vms": "327MiB",
        "threads": 2
    },
    "avg_resources": {
        "cpu_percent": 98.9181818181818,
        "memory_rss": "138MiB",
        "memory_vms": "272MiB",
        "threads": 1.9765395894428153
    }
}