{
	"design__instance__displacement__total": 6.261,
	"design__instance__displacement__mean": 0.008,
	"design__instance__displacement__max": 2.786,
	"route__wirelength__estimated": 929.456,
	"design__violations": 0,
	"design__io": 30,
	"design__die__area": 45758.7,
	"design__core__area": 38647.1,
	"design__instance__count": 581,
	"design__instance__area": 989.699,
	"design__instance__count__stdcell": 581,
	"design__instance__area__stdcell": 989.699,
	"design__instance__count__macros": 0,
	"design__instance__area__macros": 0,
	"design__instance__utilization": 0.0256087,
	"design__instance__utilization__stdcell": 0.0256087,
	"flow__warnings__count": 33696,
	"flow__errors__count": 0
}