{
    "time": {
        "cpu_time_user": "00:00:07.599",
        "cpu_time_system": "00:00:00.450",
        "runtime": "00:00:08.118",
        "cpu_time_iowait": "00:00:00.000"
    },
    "peak_resources": {
        "cpu_percent": 109.0,
        "memory_rss": "180MiB",
        "memory_vms": "311MiB",
        "threads": 2
    },
    "avg_resources": {
        "cpu_percent": 96.74691358024691,
        "memory_rss": "109MiB",
        "memory_vms": "242MiB",
        "threads": 1.9135802469135803
    }
}