{
	"timing__drv__floating__nets": 0,
	"timing__drv__floating__pins": 0,
	"design__instance__displacement__total": 31.483,
	"design__instance__displacement__mean": 0.043,
	"design__instance__displacement__max": 3.482,
	"route__wirelength__estimated": 856.702,
	"design__violations": 0,
	"design__io": 30,
	"design__die__area": 45758.7,
	"design__core__area": 38647.1,
	"design__instance__count": 577,
	"design__instance__area": 907.12,
	"design__instance__count__stdcell": 577,
	"design__instance__area__stdcell": 907.12,
	"design__instance__count__macros": 0,
	"design__instance__area__macros": 0,
	"design__instance__utilization": 0.0234719,
	"design__instance__utilization__stdcell": 0.0234719,
	"flow__warnings__count": 33696,
	"flow__errors__count": 0
}