{
    "time": {
        "cpu_time_user": "00:00:00.220",
        "cpu_time_system": "00:00:00.040",
        "runtime": "00:00:00.545",
        "cpu_time_iowait": "00:00:00.000"
    },
    "peak_resources": {
        "cpu_percent": 98.9,
        "memory_rss": "12MiB",
        "memory_vms": "233MiB",
        "threads": 1
    },
    "avg_resources": {
        "cpu_percent": 36.55714285714286,
        "memory_rss": "6MiB",
        "memory_vms": "132MiB",
        "threads": 0.8571428571428571
    }
}