{
    "time": {
        "cpu_time_user": "00:00:02.290",
        "cpu_time_system": "00:00:00.100",
        "runtime": "00:00:03.071",
        "cpu_time_iowait": "00:00:00.000"
    },
    "peak_resources": {
        "cpu_percent": 108.5,
        "memory_rss": "29MiB",
        "memory_vms": "32MiB",
        "threads": 1
    },
    "avg_resources": {
        "cpu_percent": 72.81071428571428,
        "memory_rss": "18MiB",
        "memory_vms": "21MiB",
        "threads": 0.9642857142857143
    }
}