{
    "time": {
        "cpu_time_user": "00:00:08.839",
        "cpu_time_system": "00:00:00.440",
        "runtime": "00:00:09.450",
        "cpu_time_iowait": "00:00:00.000"
    },
    "peak_resources": {
        "cpu_percent": 118.3,
        "memory_rss": "97MiB",
        "memory_vms": "105MiB",
        "threads": 1
    },
    "avg_resources": {
        "cpu_percent": 95.95365853658534,
        "memory_rss": "79MiB",
        "memory_vms": "86MiB",
        "threads": 0.9878048780487805
    }
}