{
    "time": {
        "cpu_time_user": "00:00:02.069",
        "cpu_time_system": "00:00:00.190",
        "runtime": "00:00:02.395",
        "cpu_time_iowait": "00:00:00.000"
    },
    "peak_resources": {
        "cpu_percent": 106.4,
        "memory_rss": "106MiB",
        "memory_vms": "239MiB",
        "threads": 2
    },
    "avg_resources": {
        "cpu_percent": 87.95833333333333,
        "memory_rss": "67MiB",
        "memory_vms": "184MiB",
        "threads": 1.6666666666666667
    }
}