{
    "time": {
        "cpu_time_user": "00:00:02.430",
        "cpu_time_system": "00:00:00.520",
        "runtime": "00:00:02.995",
        "cpu_time_iowait": "00:00:00.000"
    },
    "peak_resources": {
        "cpu_percent": 108.9,
        "memory_rss": "172MiB",
        "memory_vms": "307MiB",
        "threads": 2
    },
    "avg_resources": {
        "cpu_percent": 92.00344827586207,
        "memory_rss": "91MiB",
        "memory_vms": "215MiB",
        "threads": 1.7586206896551724
    }
}