{
    "time": {
        "cpu_time_user": "00:00:05.379",
        "cpu_time_system": "00:00:00.770",
        "runtime": "00:00:06.270",
        "cpu_time_iowait": "00:00:00.000"
    },
    "peak_resources": {
        "cpu_percent": 114.7,
        "memory_rss": "87MiB",
        "memory_vms": "102MiB",
        "threads": 2
    },
    "avg_resources": {
        "cpu_percent": 94.95081967213119,
        "memory_rss": "74MiB",
        "memory_vms": "86MiB",
        "threads": 1.5737704918032787
    }
}