{
    "time": {
        "cpu_time_user": "00:00:01.960",
        "cpu_time_system": "00:00:00.200",
        "runtime": "00:00:02.205",
        "cpu_time_iowait": "00:00:00.000"
    },
    "peak_resources": {
        "cpu_percent": 108.9,
        "memory_rss": "107MiB",
        "memory_vms": "239MiB",
        "threads": 2
    },
    "avg_resources": {
        "cpu_percent": 89.46086956521741,
        "memory_rss": "75MiB",
        "memory_vms": "198MiB",
        "threads": 1.6956521739130435
    }
}