{
	"floorplan__design__io": 28,
	"design__io__hpwl": 762867,
	"design__io": 30,
	"design__die__area": 45758.7,
	"design__core__area": 38647.1,
	"design__instance__count": 571,
	"design__instance__area": 889.603,
	"design__instance__count__stdcell": 571,
	"design__instance__area__stdcell": 889.603,
	"design__instance__count__macros": 0,
	"design__instance__area__macros": 0,
	"design__instance__utilization": 0.0230186,
	"design__instance__utilization__stdcell": 0.0230186,
	"flow__warnings__count": 0,
	"flow__errors__count": 0
}