{
  "creator": "Yosys 0.38 (git sha1 543faed9c8c, clang++ 17.0.6 -fPIC -Os)",
  "modules": {
    "interlocking_system": {
      "attributes": {
        "top": "00000000000000000000000000000001",
        "src": "/media/hari-the-geth/HPCORE/bias_proj/interlocking_system.sv:1.1-81.10"
      },
      "ports": {
        "clk": {
          "direction": "input",
          "bits": [ 2 ]
        },
        "reset": {
          "direction": "input",
          "bits": [ 3 ]
        },
        "train_detect": {
          "direction": "input",
          "bits": [ 4 ]
        },
        "train_number": {
          "direction": "input",
          "bits": [ 5, 6, 7, 8, 9, 10, 11, 12, 13, 14, 15, 16, 17, 18, 19, 20, 21, 22, 23 ]
        },
        "platform_occupied": {
          "direction": "input",
          "bits": [ 24 ]
        },
        "route_request": {
          "direction": "input",
          "bits": [ 25 ]
        },
        "track_locked": {
          "direction": "output",
          "bits": [ 26 ]
        },
        "train_switched": {
          "direction": "output",
          "bits": [ 27 ]
        },
        "platform_num": {
          "direction": "input",
          "bits": [ 28, 29 ]
        }
      },
      "cells": {
        "$display$/media/hari-the-geth/HPCORE/bias_proj/interlocking_system.sv:65$9": {
          "hide_name": 1,
          "type": "$print",
          "parameters": {
            "ARGS_WIDTH": "00000000000000000000000000000000",
            "FORMAT": "You are entering into goods train track platform\n",
            "PRIORITY": "11111111111111111111111111111111",
            "TRG_ENABLE": "00000000000000000000000000000000",
            "TRG_POLARITY": "",
            "TRG_WIDTH": "00000000000000000000000000000000"
          },
          "attributes": {
            "src": "/media/hari-the-geth/HPCORE/bias_proj/interlocking_system.sv:65.25-65.86"
          },
          "port_directions": {
            "ARGS": "input",
            "EN": "input",
            "TRG": "input"
          },
          "connections": {
            "ARGS": [ ],
            "EN": [ 30 ],
            "TRG": [ ]
          }
        },
        "$display$/media/hari-the-geth/HPCORE/bias_proj/interlocking_system.sv:76$10": {
          "hide_name": 1,
          "type": "$print",
          "parameters": {
            "ARGS_WIDTH": "00000000000000000000000000000010",
            "FORMAT": "Train is switched at the platform number: {2:>02bu}\n",
            "PRIORITY": "11111111111111111111111111111110",
            "TRG_ENABLE": "00000000000000000000000000000000",
            "TRG_POLARITY": "",
            "TRG_WIDTH": "00000000000000000000000000000000"
          },
          "attributes": {
            "src": "/media/hari-the-geth/HPCORE/bias_proj/interlocking_system.sv:76.17-76.88"
          },
          "port_directions": {
            "ARGS": "input",
            "EN": "input",
            "TRG": "input"
          },
          "connections": {
            "ARGS": [ 28, 29 ],
            "EN": [ 31 ],
            "TRG": [ ]
          }
        },
        "$eq$/media/hari-the-geth/HPCORE/bias_proj/interlocking_system.sv:53$5": {
          "hide_name": 1,
          "type": "$eq",
          "parameters": {
            "A_SIGNED": "00000000000000000000000000000000",
            "A_WIDTH": "00000000000000000000000000000010",
            "B_SIGNED": "00000000000000000000000000000000",
            "B_WIDTH": "00000000000000000000000000000010",
            "Y_WIDTH": "00000000000000000000000000000001"
          },
          "attributes": {
            "src": "/media/hari-the-geth/HPCORE/bias_proj/interlocking_system.sv:53.21-53.42"
          },
          "port_directions": {
            "A": "input",
            "B": "input",
            "Y": "output"
          },
          "connections": {
            "A": [ 28, 29 ],
            "B": [ "0", "1" ],
            "Y": [ 32 ]
          }
        },
        "$logic_or$/media/hari-the-geth/HPCORE/bias_proj/interlocking_system.sv:53$6": {
          "hide_name": 1,
          "type": "$logic_or",
          "parameters": {
            "A_SIGNED": "00000000000000000000000000000000",
            "A_WIDTH": "00000000000000000000000000000001",
            "B_SIGNED": "00000000000000000000000000000000",
            "B_WIDTH": "00000000000000000000000000000010",
            "Y_WIDTH": "00000000000000000000000000000001"
          },
          "attributes": {
            "src": "/media/hari-the-geth/HPCORE/bias_proj/interlocking_system.sv:53.21-53.51"
          },
          "port_directions": {
            "A": "input",
            "B": "input",
            "Y": "output"
          },
          "connections": {
            "A": [ 32 ],
            "B": [ "1", "0" ],
            "Y": [ 33 ]
          }
        },
        "$logic_or$/media/hari-the-geth/HPCORE/bias_proj/interlocking_system.sv:53$7": {
          "hide_name": 1,
          "type": "$logic_or",
          "parameters": {
            "A_SIGNED": "00000000000000000000000000000000",
            "A_WIDTH": "00000000000000000000000000000001",
            "B_SIGNED": "00000000000000000000000000000000",
            "B_WIDTH": "00000000000000000000000000000010",
            "Y_WIDTH": "00000000000000000000000000000001"
          },
          "attributes": {
            "src": "/media/hari-the-geth/HPCORE/bias_proj/interlocking_system.sv:53.21-53.60"
          },
          "port_directions": {
            "A": "input",
            "B": "input",
            "Y": "output"
          },
          "connections": {
            "A": [ 33 ],
            "B": [ "1", "1" ],
            "Y": [ 34 ]
          }
        },
        "$procdff$74": {
          "hide_name": 1,
          "type": "$adff",
          "parameters": {
            "ARST_POLARITY": "1",
            "ARST_VALUE": "000",
            "CLK_POLARITY": "1",
            "WIDTH": "00000000000000000000000000000011"
          },
          "attributes": {
            "always_ff": "00000000000000000000000000000001",
            "src": "/media/hari-the-geth/HPCORE/bias_proj/interlocking_system.sv:25.5-30.8"
          },
          "port_directions": {
            "ARST": "input",
            "CLK": "input",
            "D": "input",
            "Q": "output"
          },
          "connections": {
            "ARST": [ 3 ],
            "CLK": [ 2 ],
            "D": [ 35, 36, 37 ],
            "Q": [ 38, 39, 40 ]
          }
        },
        "$procmux$16": {
          "hide_name": 1,
          "type": "$mux",
          "parameters": {
            "WIDTH": "00000000000000000000000000000011"
          },
          "attributes": {
            "full_case": "00000000000000000000000000000001",
            "src": "/media/hari-the-geth/HPCORE/bias_proj/interlocking_system.sv:55.25-55.50|/media/hari-the-geth/HPCORE/bias_proj/interlocking_system.sv:55.21-62.24"
          },
          "port_directions": {
            "A": "input",
            "B": "input",
            "S": "input",
            "Y": "output"
          },
          "connections": {
            "A": [ "1", "1", "0" ],
            "B": [ "0", "1", "0" ],
            "S": [ 24 ],
            "Y": [ 41, 42, 43 ]
          }
        },
        "$procmux$18": {
          "hide_name": 1,
          "type": "$mux",
          "parameters": {
            "WIDTH": "00000000000000000000000000000011"
          },
          "attributes": {
            "full_case": "00000000000000000000000000000001",
            "src": "/media/hari-the-geth/HPCORE/bias_proj/interlocking_system.sv:53.21-53.60|/media/hari-the-geth/HPCORE/bias_proj/interlocking_system.sv:53.17-66.20"
          },
          "port_directions": {
            "A": "input",
            "B": "input",
            "S": "input",
            "Y": "output"
          },
          "connections": {
            "A": [ "x", "x", "x" ],
            "B": [ 41, 42, 43 ],
            "S": [ 34 ],
            "Y": [ 44, 45, 46 ]
          }
        },
        "$procmux$20": {
          "hide_name": 1,
          "type": "$mux",
          "parameters": {
            "WIDTH": "00000000000000000000000000000011"
          },
          "attributes": {
            "full_case": "00000000000000000000000000000001",
            "src": "/media/hari-the-geth/HPCORE/bias_proj/interlocking_system.sv:0.0-0.0|/media/hari-the-geth/HPCORE/bias_proj/interlocking_system.sv:39.9-79.16"
          },
          "port_directions": {
            "A": "input",
            "B": "input",
            "S": "input",
            "Y": "output"
          },
          "connections": {
            "A": [ "x", "x", "x" ],
            "B": [ 44, 45, 46 ],
            "S": [ 47 ],
            "Y": [ 48, 49, 50 ]
          }
        },
        "$procmux$21_CMP0": {
          "hide_name": 1,
          "type": "$eq",
          "parameters": {
            "A_SIGNED": "00000000000000000000000000000000",
            "A_WIDTH": "00000000000000000000000000000011",
            "B_SIGNED": "00000000000000000000000000000000",
            "B_WIDTH": "00000000000000000000000000000011",
            "Y_WIDTH": "00000000000000000000000000000001"
          },
          "attributes": {
            "full_case": "00000000000000000000000000000001",
            "src": "/media/hari-the-geth/HPCORE/bias_proj/interlocking_system.sv:0.0-0.0|/media/hari-the-geth/HPCORE/bias_proj/interlocking_system.sv:39.9-79.16"
          },
          "port_directions": {
            "A": "input",
            "B": "input",
            "Y": "output"
          },
          "connections": {
            "A": [ 38, 39, 40 ],
            "B": [ "0", "1", "0" ],
            "Y": [ 47 ]
          }
        },
        "$procmux$26": {
          "hide_name": 1,
          "type": "$mux",
          "parameters": {
            "WIDTH": "00000000000000000000000000000011"
          },
          "attributes": {
            "full_case": "00000000000000000000000000000001",
            "src": "/media/hari-the-geth/HPCORE/bias_proj/interlocking_system.sv:53.21-53.60|/media/hari-the-geth/HPCORE/bias_proj/interlocking_system.sv:53.17-66.20"
          },
          "port_directions": {
            "A": "input",
            "B": "input",
            "S": "input",
            "Y": "output"
          },
          "connections": {
            "A": [ 38, 39, 40 ],
            "B": [ 48, 49, 50 ],
            "S": [ 34 ],
            "Y": [ 51, 52, 53 ]
          }
        },
        "$procmux$28": {
          "hide_name": 1,
          "type": "$mux",
          "parameters": {
            "WIDTH": "00000000000000000000000000000011"
          },
          "attributes": {
            "full_case": "00000000000000000000000000000001",
            "src": "/media/hari-the-geth/HPCORE/bias_proj/interlocking_system.sv:0.0-0.0|/media/hari-the-geth/HPCORE/bias_proj/interlocking_system.sv:39.9-79.16"
          },
          "port_directions": {
            "A": "input",
            "B": "input",
            "S": "input",
            "Y": "output"
          },
          "connections": {
            "A": [ "x", "x", "x" ],
            "B": [ 51, 52, 53 ],
            "S": [ 54 ],
            "Y": [ 55, 56, 57 ]
          }
        },
        "$procmux$29_CMP0": {
          "hide_name": 1,
          "type": "$eq",
          "parameters": {
            "A_SIGNED": "00000000000000000000000000000000",
            "A_WIDTH": "00000000000000000000000000000011",
            "B_SIGNED": "00000000000000000000000000000000",
            "B_WIDTH": "00000000000000000000000000000011",
            "Y_WIDTH": "00000000000000000000000000000001"
          },
          "attributes": {
            "full_case": "00000000000000000000000000000001",
            "src": "/media/hari-the-geth/HPCORE/bias_proj/interlocking_system.sv:0.0-0.0|/media/hari-the-geth/HPCORE/bias_proj/interlocking_system.sv:39.9-79.16"
          },
          "port_directions": {
            "A": "input",
            "B": "input",
            "Y": "output"
          },
          "connections": {
            "A": [ 38, 39, 40 ],
            "B": [ "0", "1", "0" ],
            "Y": [ 54 ]
          }
        },
        "$procmux$35": {
          "hide_name": 1,
          "type": "$mux",
          "parameters": {
            "WIDTH": "00000000000000000000000000000011"
          },
          "attributes": {
            "full_case": "00000000000000000000000000000001",
            "src": "/media/hari-the-geth/HPCORE/bias_proj/interlocking_system.sv:46.21-46.42|/media/hari-the-geth/HPCORE/bias_proj/interlocking_system.sv:46.17-49.20"
          },
          "port_directions": {
            "A": "input",
            "B": "input",
            "S": "input",
            "Y": "output"
          },
          "connections": {
            "A": [ 38, 39, 40 ],
            "B": [ "0", "1", "0" ],
            "S": [ 25 ],
            "Y": [ 58, 59, 60 ]
          }
        },
        "$procmux$37": {
          "hide_name": 1,
          "type": "$mux",
          "parameters": {
            "WIDTH": "00000000000000000000000000000011"
          },
          "attributes": {
            "full_case": "00000000000000000000000000000001",
            "src": "/media/hari-the-geth/HPCORE/bias_proj/interlocking_system.sv:0.0-0.0|/media/hari-the-geth/HPCORE/bias_proj/interlocking_system.sv:39.9-79.16"
          },
          "port_directions": {
            "A": "input",
            "B": "input",
            "S": "input",
            "Y": "output"
          },
          "connections": {
            "A": [ "x", "x", "x" ],
            "B": [ 58, 59, 60 ],
            "S": [ 61 ],
            "Y": [ 62, 63, 64 ]
          }
        },
        "$procmux$38_CMP0": {
          "hide_name": 1,
          "type": "$eq",
          "parameters": {
            "A_SIGNED": "00000000000000000000000000000000",
            "A_WIDTH": "00000000000000000000000000000011",
            "B_SIGNED": "00000000000000000000000000000000",
            "B_WIDTH": "00000000000000000000000000000011",
            "Y_WIDTH": "00000000000000000000000000000001"
          },
          "attributes": {
            "full_case": "00000000000000000000000000000001",
            "src": "/media/hari-the-geth/HPCORE/bias_proj/interlocking_system.sv:0.0-0.0|/media/hari-the-geth/HPCORE/bias_proj/interlocking_system.sv:39.9-79.16"
          },
          "port_directions": {
            "A": "input",
            "B": "input",
            "Y": "output"
          },
          "connections": {
            "A": [ 38, 39, 40 ],
            "B": [ "1", "0", "0" ],
            "Y": [ 61 ]
          }
        },
        "$procmux$45": {
          "hide_name": 1,
          "type": "$mux",
          "parameters": {
            "WIDTH": "00000000000000000000000000000011"
          },
          "attributes": {
            "full_case": "00000000000000000000000000000001",
            "src": "/media/hari-the-geth/HPCORE/bias_proj/interlocking_system.sv:41.21-41.41|/media/hari-the-geth/HPCORE/bias_proj/interlocking_system.sv:41.17-43.20"
          },
          "port_directions": {
            "A": "input",
            "B": "input",
            "S": "input",
            "Y": "output"
          },
          "connections": {
            "A": [ 38, 39, 40 ],
            "B": [ "1", "0", "0" ],
            "S": [ 4 ],
            "Y": [ 65, 66, 67 ]
          }
        },
        "$procmux$47": {
          "hide_name": 1,
          "type": "$mux",
          "parameters": {
            "WIDTH": "00000000000000000000000000000011"
          },
          "attributes": {
            "full_case": "00000000000000000000000000000001",
            "src": "/media/hari-the-geth/HPCORE/bias_proj/interlocking_system.sv:0.0-0.0|/media/hari-the-geth/HPCORE/bias_proj/interlocking_system.sv:39.9-79.16"
          },
          "port_directions": {
            "A": "input",
            "B": "input",
            "S": "input",
            "Y": "output"
          },
          "connections": {
            "A": [ "x", "x", "x" ],
            "B": [ 65, 66, 67 ],
            "S": [ 68 ],
            "Y": [ 69, 70, 71 ]
          }
        },
        "$procmux$48_CMP0": {
          "hide_name": 1,
          "type": "$logic_not",
          "parameters": {
            "A_SIGNED": "00000000000000000000000000000000",
            "A_WIDTH": "00000000000000000000000000000011",
            "Y_WIDTH": "00000000000000000000000000000001"
          },
          "attributes": {
            "full_case": "00000000000000000000000000000001",
            "src": "/media/hari-the-geth/HPCORE/bias_proj/interlocking_system.sv:0.0-0.0|/media/hari-the-geth/HPCORE/bias_proj/interlocking_system.sv:39.9-79.16"
          },
          "port_directions": {
            "A": "input",
            "Y": "output"
          },
          "connections": {
            "A": [ 38, 39, 40 ],
            "Y": [ 68 ]
          }
        },
        "$procmux$50": {
          "hide_name": 1,
          "type": "$pmux",
          "parameters": {
            "S_WIDTH": "00000000000000000000000000000101",
            "WIDTH": "00000000000000000000000000000011"
          },
          "attributes": {
            "full_case": "00000000000000000000000000000001",
            "src": "/media/hari-the-geth/HPCORE/bias_proj/interlocking_system.sv:0.0-0.0|/media/hari-the-geth/HPCORE/bias_proj/interlocking_system.sv:39.9-79.16"
          },
          "port_directions": {
            "A": "input",
            "B": "input",
            "S": "input",
            "Y": "output"
          },
          "connections": {
            "A": [ 38, 39, 40 ],
            "B": [ "0", "0", "0", "0", "0", "1", 55, 56, 57, 62, 63, 64, 69, 70, 71 ],
            "S": [ 72, 73, 74, 75, 76 ],
            "Y": [ 35, 36, 37 ]
          }
        },
        "$procmux$51_CMP0": {
          "hide_name": 1,
          "type": "$eq",
          "parameters": {
            "A_SIGNED": "00000000000000000000000000000000",
            "A_WIDTH": "00000000000000000000000000000011",
            "B_SIGNED": "00000000000000000000000000000000",
            "B_WIDTH": "00000000000000000000000000000011",
            "Y_WIDTH": "00000000000000000000000000000001"
          },
          "attributes": {
            "full_case": "00000000000000000000000000000001",
            "src": "/media/hari-the-geth/HPCORE/bias_proj/interlocking_system.sv:0.0-0.0|/media/hari-the-geth/HPCORE/bias_proj/interlocking_system.sv:39.9-79.16"
          },
          "port_directions": {
            "A": "input",
            "B": "input",
            "Y": "output"
          },
          "connections": {
            "A": [ 38, 39, 40 ],
            "B": [ "0", "0", "1" ],
            "Y": [ 72 ]
          }
        },
        "$procmux$52_CMP0": {
          "hide_name": 1,
          "type": "$eq",
          "parameters": {
            "A_SIGNED": "00000000000000000000000000000000",
            "A_WIDTH": "00000000000000000000000000000011",
            "B_SIGNED": "00000000000000000000000000000000",
            "B_WIDTH": "00000000000000000000000000000011",
            "Y_WIDTH": "00000000000000000000000000000001"
          },
          "attributes": {
            "full_case": "00000000000000000000000000000001",
            "src": "/media/hari-the-geth/HPCORE/bias_proj/interlocking_system.sv:0.0-0.0|/media/hari-the-geth/HPCORE/bias_proj/interlocking_system.sv:39.9-79.16"
          },
          "port_directions": {
            "A": "input",
            "B": "input",
            "Y": "output"
          },
          "connections": {
            "A": [ 38, 39, 40 ],
            "B": [ "1", "1", "0" ],
            "Y": [ 73 ]
          }
        },
        "$procmux$53_CMP0": {
          "hide_name": 1,
          "type": "$eq",
          "parameters": {
            "A_SIGNED": "00000000000000000000000000000000",
            "A_WIDTH": "00000000000000000000000000000011",
            "B_SIGNED": "00000000000000000000000000000000",
            "B_WIDTH": "00000000000000000000000000000011",
            "Y_WIDTH": "00000000000000000000000000000001"
          },
          "attributes": {
            "full_case": "00000000000000000000000000000001",
            "src": "/media/hari-the-geth/HPCORE/bias_proj/interlocking_system.sv:0.0-0.0|/media/hari-the-geth/HPCORE/bias_proj/interlocking_system.sv:39.9-79.16"
          },
          "port_directions": {
            "A": "input",
            "B": "input",
            "Y": "output"
          },
          "connections": {
            "A": [ 38, 39, 40 ],
            "B": [ "0", "1", "0" ],
            "Y": [ 74 ]
          }
        },
        "$procmux$54_CMP0": {
          "hide_name": 1,
          "type": "$eq",
          "parameters": {
            "A_SIGNED": "00000000000000000000000000000000",
            "A_WIDTH": "00000000000000000000000000000011",
            "B_SIGNED": "00000000000000000000000000000000",
            "B_WIDTH": "00000000000000000000000000000011",
            "Y_WIDTH": "00000000000000000000000000000001"
          },
          "attributes": {
            "full_case": "00000000000000000000000000000001",
            "src": "/media/hari-the-geth/HPCORE/bias_proj/interlocking_system.sv:0.0-0.0|/media/hari-the-geth/HPCORE/bias_proj/interlocking_system.sv:39.9-79.16"
          },
          "port_directions": {
            "A": "input",
            "B": "input",
            "Y": "output"
          },
          "connections": {
            "A": [ 38, 39, 40 ],
            "B": [ "1", "0", "0" ],
            "Y": [ 75 ]
          }
        },
        "$procmux$55_CMP0": {
          "hide_name": 1,
          "type": "$logic_not",
          "parameters": {
            "A_SIGNED": "00000000000000000000000000000000",
            "A_WIDTH": "00000000000000000000000000000011",
            "Y_WIDTH": "00000000000000000000000000000001"
          },
          "attributes": {
            "full_case": "00000000000000000000000000000001",
            "src": "/media/hari-the-geth/HPCORE/bias_proj/interlocking_system.sv:0.0-0.0|/media/hari-the-geth/HPCORE/bias_proj/interlocking_system.sv:39.9-79.16"
          },
          "port_directions": {
            "A": "input",
            "Y": "output"
          },
          "connections": {
            "A": [ 38, 39, 40 ],
            "Y": [ 76 ]
          }
        },
        "$procmux$57": {
          "hide_name": 1,
          "type": "$mux",
          "parameters": {
            "WIDTH": "00000000000000000000000000000001"
          },
          "attributes": {
            "full_case": "00000000000000000000000000000001",
            "src": "/media/hari-the-geth/HPCORE/bias_proj/interlocking_system.sv:0.0-0.0|/media/hari-the-geth/HPCORE/bias_proj/interlocking_system.sv:39.9-79.16"
          },
          "port_directions": {
            "A": "input",
            "B": "input",
            "S": "input",
            "Y": "output"
          },
          "connections": {
            "A": [ "0" ],
            "B": [ "1" ],
            "S": [ 77 ],
            "Y": [ 27 ]
          }
        },
        "$procmux$58_CMP0": {
          "hide_name": 1,
          "type": "$eq",
          "parameters": {
            "A_SIGNED": "00000000000000000000000000000000",
            "A_WIDTH": "00000000000000000000000000000011",
            "B_SIGNED": "00000000000000000000000000000000",
            "B_WIDTH": "00000000000000000000000000000011",
            "Y_WIDTH": "00000000000000000000000000000001"
          },
          "attributes": {
            "full_case": "00000000000000000000000000000001",
            "src": "/media/hari-the-geth/HPCORE/bias_proj/interlocking_system.sv:0.0-0.0|/media/hari-the-geth/HPCORE/bias_proj/interlocking_system.sv:39.9-79.16"
          },
          "port_directions": {
            "A": "input",
            "B": "input",
            "Y": "output"
          },
          "connections": {
            "A": [ 38, 39, 40 ],
            "B": [ "0", "0", "1" ],
            "Y": [ 77 ]
          }
        },
        "$procmux$61": {
          "hide_name": 1,
          "type": "$mux",
          "parameters": {
            "WIDTH": "00000000000000000000000000000001"
          },
          "attributes": {
            "full_case": "00000000000000000000000000000001",
            "src": "/media/hari-the-geth/HPCORE/bias_proj/interlocking_system.sv:0.0-0.0|/media/hari-the-geth/HPCORE/bias_proj/interlocking_system.sv:39.9-79.16"
          },
          "port_directions": {
            "A": "input",
            "B": "input",
            "S": "input",
            "Y": "output"
          },
          "connections": {
            "A": [ "0" ],
            "B": [ "1" ],
            "S": [ 78 ],
            "Y": [ 26 ]
          }
        },
        "$procmux$62_CMP0": {
          "hide_name": 1,
          "type": "$eq",
          "parameters": {
            "A_SIGNED": "00000000000000000000000000000000",
            "A_WIDTH": "00000000000000000000000000000011",
            "B_SIGNED": "00000000000000000000000000000000",
            "B_WIDTH": "00000000000000000000000000000011",
            "Y_WIDTH": "00000000000000000000000000000001"
          },
          "attributes": {
            "full_case": "00000000000000000000000000000001",
            "src": "/media/hari-the-geth/HPCORE/bias_proj/interlocking_system.sv:0.0-0.0|/media/hari-the-geth/HPCORE/bias_proj/interlocking_system.sv:39.9-79.16"
          },
          "port_directions": {
            "A": "input",
            "B": "input",
            "Y": "output"
          },
          "connections": {
            "A": [ 38, 39, 40 ],
            "B": [ "1", "1", "0" ],
            "Y": [ 78 ]
          }
        },
        "$procmux$64": {
          "hide_name": 1,
          "type": "$mux",
          "parameters": {
            "WIDTH": "00000000000000000000000000000001"
          },
          "attributes": {
            "full_case": "00000000000000000000000000000001",
            "src": "/media/hari-the-geth/HPCORE/bias_proj/interlocking_system.sv:0.0-0.0|/media/hari-the-geth/HPCORE/bias_proj/interlocking_system.sv:39.9-79.16"
          },
          "port_directions": {
            "A": "input",
            "B": "input",
            "S": "input",
            "Y": "output"
          },
          "connections": {
            "A": [ "0" ],
            "B": [ "1" ],
            "S": [ 79 ],
            "Y": [ 31 ]
          }
        },
        "$procmux$65_CMP0": {
          "hide_name": 1,
          "type": "$eq",
          "parameters": {
            "A_SIGNED": "00000000000000000000000000000000",
            "A_WIDTH": "00000000000000000000000000000011",
            "B_SIGNED": "00000000000000000000000000000000",
            "B_WIDTH": "00000000000000000000000000000011",
            "Y_WIDTH": "00000000000000000000000000000001"
          },
          "attributes": {
            "full_case": "00000000000000000000000000000001",
            "src": "/media/hari-the-geth/HPCORE/bias_proj/interlocking_system.sv:0.0-0.0|/media/hari-the-geth/HPCORE/bias_proj/interlocking_system.sv:39.9-79.16"
          },
          "port_directions": {
            "A": "input",
            "B": "input",
            "Y": "output"
          },
          "connections": {
            "A": [ 38, 39, 40 ],
            "B": [ "0", "0", "1" ],
            "Y": [ 79 ]
          }
        },
        "$procmux$70": {
          "hide_name": 1,
          "type": "$mux",
          "parameters": {
            "WIDTH": "00000000000000000000000000000001"
          },
          "attributes": {
            "full_case": "00000000000000000000000000000001",
            "src": "/media/hari-the-geth/HPCORE/bias_proj/interlocking_system.sv:53.21-53.60|/media/hari-the-geth/HPCORE/bias_proj/interlocking_system.sv:53.17-66.20"
          },
          "port_directions": {
            "A": "input",
            "B": "input",
            "S": "input",
            "Y": "output"
          },
          "connections": {
            "A": [ "1" ],
            "B": [ "0" ],
            "S": [ 34 ],
            "Y": [ 80 ]
          }
        },
        "$procmux$72": {
          "hide_name": 1,
          "type": "$mux",
          "parameters": {
            "WIDTH": "00000000000000000000000000000001"
          },
          "attributes": {
            "full_case": "00000000000000000000000000000001",
            "src": "/media/hari-the-geth/HPCORE/bias_proj/interlocking_system.sv:0.0-0.0|/media/hari-the-geth/HPCORE/bias_proj/interlocking_system.sv:39.9-79.16"
          },
          "port_directions": {
            "A": "input",
            "B": "input",
            "S": "input",
            "Y": "output"
          },
          "connections": {
            "A": [ "0" ],
            "B": [ 80 ],
            "S": [ 81 ],
            "Y": [ 30 ]
          }
        },
        "$procmux$73_CMP0": {
          "hide_name": 1,
          "type": "$eq",
          "parameters": {
            "A_SIGNED": "00000000000000000000000000000000",
            "A_WIDTH": "00000000000000000000000000000011",
            "B_SIGNED": "00000000000000000000000000000000",
            "B_WIDTH": "00000000000000000000000000000011",
            "Y_WIDTH": "00000000000000000000000000000001"
          },
          "attributes": {
            "full_case": "00000000000000000000000000000001",
            "src": "/media/hari-the-geth/HPCORE/bias_proj/interlocking_system.sv:0.0-0.0|/media/hari-the-geth/HPCORE/bias_proj/interlocking_system.sv:39.9-79.16"
          },
          "port_directions": {
            "A": "input",
            "B": "input",
            "Y": "output"
          },
          "connections": {
            "A": [ 38, 39, 40 ],
            "B": [ "0", "1", "0" ],
            "Y": [ 81 ]
          }
        }
      },
      "netnames": {
        "$2\\next_state[2:0]": {
          "hide_name": 1,
          "bits": [ 69, 70, 71 ],
          "attributes": {
            "src": "/media/hari-the-geth/HPCORE/bias_proj/interlocking_system.sv:0.0-0.0"
          }
        },
        "$3\\next_state[2:0]": {
          "hide_name": 1,
          "bits": [ 62, 63, 64 ],
          "attributes": {
            "src": "/media/hari-the-geth/HPCORE/bias_proj/interlocking_system.sv:0.0-0.0"
          }
        },
        "$4\\next_state[2:0]": {
          "hide_name": 1,
          "bits": [ 55, 56, 57 ],
          "attributes": {
            "src": "/media/hari-the-geth/HPCORE/bias_proj/interlocking_system.sv:0.0-0.0"
          }
        },
        "$5\\next_state[2:0]": {
          "hide_name": 1,
          "bits": [ 48, 49, 50 ],
          "attributes": {
            "src": "/media/hari-the-geth/HPCORE/bias_proj/interlocking_system.sv:0.0-0.0"
          }
        },
        "$display$/media/hari-the-geth/HPCORE/bias_proj/interlocking_system.sv:65$9_EN": {
          "hide_name": 1,
          "bits": [ 30 ],
          "attributes": {
            "src": "/media/hari-the-geth/HPCORE/bias_proj/interlocking_system.sv:65.25-65.86"
          }
        },
        "$display$/media/hari-the-geth/HPCORE/bias_proj/interlocking_system.sv:76$10_EN": {
          "hide_name": 1,
          "bits": [ 31 ],
          "attributes": {
            "src": "/media/hari-the-geth/HPCORE/bias_proj/interlocking_system.sv:76.17-76.88"
          }
        },
        "$eq$/media/hari-the-geth/HPCORE/bias_proj/interlocking_system.sv:53$5_Y": {
          "hide_name": 1,
          "bits": [ 32 ],
          "attributes": {
            "src": "/media/hari-the-geth/HPCORE/bias_proj/interlocking_system.sv:53.21-53.42"
          }
        },
        "$logic_or$/media/hari-the-geth/HPCORE/bias_proj/interlocking_system.sv:53$6_Y": {
          "hide_name": 1,
          "bits": [ 33 ],
          "attributes": {
            "src": "/media/hari-the-geth/HPCORE/bias_proj/interlocking_system.sv:53.21-53.51"
          }
        },
        "$logic_or$/media/hari-the-geth/HPCORE/bias_proj/interlocking_system.sv:53$7_Y": {
          "hide_name": 1,
          "bits": [ 34 ],
          "attributes": {
            "src": "/media/hari-the-geth/HPCORE/bias_proj/interlocking_system.sv:53.21-53.60"
          }
        },
        "$procmux$16_Y": {
          "hide_name": 1,
          "bits": [ 41, 42, 43 ],
          "attributes": {
          }
        },
        "$procmux$18_Y": {
          "hide_name": 1,
          "bits": [ 44, 45, 46 ],
          "attributes": {
          }
        },
        "$procmux$21_CMP": {
          "hide_name": 1,
          "bits": [ 47 ],
          "attributes": {
          }
        },
        "$procmux$26_Y": {
          "hide_name": 1,
          "bits": [ 51, 52, 53 ],
          "attributes": {
          }
        },
        "$procmux$29_CMP": {
          "hide_name": 1,
          "bits": [ 54 ],
          "attributes": {
          }
        },
        "$procmux$35_Y": {
          "hide_name": 1,
          "bits": [ 58, 59, 60 ],
          "attributes": {
          }
        },
        "$procmux$38_CMP": {
          "hide_name": 1,
          "bits": [ 61 ],
          "attributes": {
          }
        },
        "$procmux$45_Y": {
          "hide_name": 1,
          "bits": [ 65, 66, 67 ],
          "attributes": {
          }
        },
        "$procmux$48_CMP": {
          "hide_name": 1,
          "bits": [ 68 ],
          "attributes": {
          }
        },
        "$procmux$51_CMP": {
          "hide_name": 1,
          "bits": [ 72 ],
          "attributes": {
          }
        },
        "$procmux$52_CMP": {
          "hide_name": 1,
          "bits": [ 73 ],
          "attributes": {
          }
        },
        "$procmux$53_CMP": {
          "hide_name": 1,
          "bits": [ 74 ],
          "attributes": {
          }
        },
        "$procmux$54_CMP": {
          "hide_name": 1,
          "bits": [ 75 ],
          "attributes": {
          }
        },
        "$procmux$55_CMP": {
          "hide_name": 1,
          "bits": [ 76 ],
          "attributes": {
          }
        },
        "$procmux$58_CMP": {
          "hide_name": 1,
          "bits": [ 77 ],
          "attributes": {
          }
        },
        "$procmux$62_CMP": {
          "hide_name": 1,
          "bits": [ 78 ],
          "attributes": {
          }
        },
        "$procmux$65_CMP": {
          "hide_name": 1,
          "bits": [ 79 ],
          "attributes": {
          }
        },
        "$procmux$70_Y": {
          "hide_name": 1,
          "bits": [ 80 ],
          "attributes": {
          }
        },
        "$procmux$73_CMP": {
          "hide_name": 1,
          "bits": [ 81 ],
          "attributes": {
          }
        },
        "clk": {
          "hide_name": 0,
          "bits": [ 2 ],
          "attributes": {
            "src": "/media/hari-the-geth/HPCORE/bias_proj/interlocking_system.sv:2.17-2.20"
          }
        },
        "current_state": {
          "hide_name": 0,
          "bits": [ 38, 39, 40 ],
          "attributes": {
            "enum_value_000": "\\IDLE",
            "enum_value_001": "\\ROUTE_REQUEST",
            "enum_value_010": "\\CHECK_PLATFORM",
            "enum_value_011": "\\ROUTE_LOCK",
            "enum_value_100": "\\SWITCHING",
            "src": "/media/hari-the-geth/HPCORE/bias_proj/interlocking_system.sv:22.13-22.26",
            "wiretype": "\\state_t"
          }
        },
        "next_state": {
          "hide_name": 0,
          "bits": [ 35, 36, 37 ],
          "attributes": {
            "enum_value_000": "\\IDLE",
            "enum_value_001": "\\ROUTE_REQUEST",
            "enum_value_010": "\\CHECK_PLATFORM",
            "enum_value_011": "\\ROUTE_LOCK",
            "enum_value_100": "\\SWITCHING",
            "src": "/media/hari-the-geth/HPCORE/bias_proj/interlocking_system.sv:22.28-22.38",
            "wiretype": "\\state_t"
          }
        },
        "platform_num": {
          "hide_name": 0,
          "bits": [ 28, 29 ],
          "attributes": {
            "src": "/media/hari-the-geth/HPCORE/bias_proj/interlocking_system.sv:10.23-10.35"
          }
        },
        "platform_occupied": {
          "hide_name": 0,
          "bits": [ 24 ],
          "attributes": {
            "src": "/media/hari-the-geth/HPCORE/bias_proj/interlocking_system.sv:6.17-6.34"
          }
        },
        "reset": {
          "hide_name": 0,
          "bits": [ 3 ],
          "attributes": {
            "src": "/media/hari-the-geth/HPCORE/bias_proj/interlocking_system.sv:3.17-3.22"
          }
        },
        "route_request": {
          "hide_name": 0,
          "bits": [ 25 ],
          "attributes": {
            "src": "/media/hari-the-geth/HPCORE/bias_proj/interlocking_system.sv:7.17-7.30"
          }
        },
        "track_locked": {
          "hide_name": 0,
          "bits": [ 26 ],
          "attributes": {
            "src": "/media/hari-the-geth/HPCORE/bias_proj/interlocking_system.sv:8.18-8.30"
          }
        },
        "train_detect": {
          "hide_name": 0,
          "bits": [ 4 ],
          "attributes": {
            "src": "/media/hari-the-geth/HPCORE/bias_proj/interlocking_system.sv:4.17-4.29"
          }
        },
        "train_number": {
          "hide_name": 0,
          "bits": [ 5, 6, 7, 8, 9, 10, 11, 12, 13, 14, 15, 16, 17, 18, 19, 20, 21, 22, 23 ],
          "attributes": {
            "src": "/media/hari-the-geth/HPCORE/bias_proj/interlocking_system.sv:5.24-5.36"
          }
        },
        "train_switched": {
          "hide_name": 0,
          "bits": [ 27 ],
          "attributes": {
            "src": "/media/hari-the-geth/HPCORE/bias_proj/interlocking_system.sv:9.18-9.32"
          }
        }
      }
    }
  }
}
