{
    "time": {
        "cpu_time_user": "00:00:01.740",
        "cpu_time_system": "00:00:00.230",
        "runtime": "00:00:02.045",
        "cpu_time_iowait": "00:00:00.000"
    },
    "peak_resources": {
        "cpu_percent": 108.6,
        "memory_rss": "116MiB",
        "memory_vms": "247MiB",
        "threads": 2
    },
    "avg_resources": {
        "cpu_percent": 87.70454545454545,
        "memory_rss": "79MiB",
        "memory_vms": "196MiB",
        "threads": 1.6818181818181819
    }
}