{
    "time": {
        "cpu_time_user": "00:00:02.330",
        "cpu_time_system": "00:00:00.240",
        "runtime": "00:00:02.613",
        "cpu_time_iowait": "00:00:00.000"
    },
    "peak_resources": {
        "cpu_percent": 111.3,
        "memory_rss": "110MiB",
        "memory_vms": "243MiB",
        "threads": 2
    },
    "avg_resources": {
        "cpu_percent": 91.0851851851852,
        "memory_rss": "79MiB",
        "memory_vms": "204MiB",
        "threads": 1.7407407407407407
    }
}