{
    "nl": "/media/hari-the-geth/HPCORE/bias_proj/runs/hp_run/06-yosys-synthesis/interlocking_system.nl.v",
    "pnl": null,
    "pnl-sdf-friendly": null,
    "pnl-npc": null,
    "def": null,
    "lef": null,
    "openroad-lef": null,
    "odb": null,
    "sdc": null,
    "sdf": null,
    "spef": null,
    "lib": null,
    "spice": null,
    "mag": null,
    "gds": null,
    "mag_gds": null,
    "klayout_gds": null,
    "json_h": "/media/hari-the-geth/HPCORE/bias_proj/runs/hp_run/05-yosys-jsonheader/interlocking_system.h.json",
    "vh": null,
    "metrics": {
        "design__lint_error__count": 0,
        "design__lint_timing_construct__count": 0,
        "design__lint_warning__count": 4,
        "design__inferred_latch__count": 0,
        "design__instance__count": 16,
        "design__instance__area": 195.1872,
        "design__instance_unmapped__count": 0,
        "synthesis__check_error__count": 0
    }
}