{
    "time": {
        "cpu_time_user": "00:00:08.220",
        "cpu_time_system": "00:00:00.270",
        "runtime": "00:00:10.040",
        "cpu_time_iowait": "00:00:00.000"
    },
    "peak_resources": {
        "cpu_percent": 124.4,
        "memory_rss": "54MiB",
        "memory_vms": "82MiB",
        "threads": 1
    },
    "avg_resources": {
        "cpu_percent": 83.19599999999998,
        "memory_rss": "49MiB",
        "memory_vms": "76MiB",
        "threads": 0.9866666666666667
    }
}