{
    "time": {
        "cpu_time_user": "00:00:01.600",
        "cpu_time_system": "00:00:01.149",
        "runtime": "00:00:02.959",
        "cpu_time_iowait": "00:00:00.000"
    },
    "peak_resources": {
        "cpu_percent": 120.4,
        "memory_rss": "494MiB",
        "memory_vms": "498MiB",
        "threads": 1
    },
    "avg_resources": {
        "cpu_percent": 88.44074074074072,
        "memory_rss": "268MiB",
        "memory_vms": "271MiB",
        "threads": 0.9629629629629629
    }
}