{
    "time": {
        "cpu_time_user": "00:00:02.500",
        "cpu_time_system": "00:00:00.280",
        "runtime": "00:00:03.509",
        "cpu_time_iowait": "00:00:00.000"
    },
    "peak_resources": {
        "cpu_percent": 108.3,
        "memory_rss": "119MiB",
        "memory_vms": "299MiB",
        "threads": 2
    },
    "avg_resources": {
        "cpu_percent": 74.27647058823531,
        "memory_rss": "81MiB",
        "memory_vms": "212MiB",
        "threads": 1.7058823529411764
    }
}