{
    "time": {
        "cpu_time_user": "00:00:02.330",
        "cpu_time_system": "00:00:00.110",
        "runtime": "00:00:03.864",
        "cpu_time_iowait": "00:00:00.000"
    },
    "peak_resources": {
        "cpu_percent": 114.1,
        "memory_rss": "29MiB",
        "memory_vms": "32MiB",
        "threads": 1
    },
    "avg_resources": {
        "cpu_percent": 58.63333333333334,
        "memory_rss": "18MiB",
        "memory_vms": "21MiB",
        "threads": 0.9722222222222222
    }
}