{
   "creator": "Yosys 0.38 (git sha1 543faed9c8c, clang++ 17.0.6 -fPIC -Os)",
   "invocation": "stat -json -liberty /media/hari-the-geth/HPCORE/bias_proj/runs/RUN_2024-10-19_23-23-55/tmp/cf523b44a77742e0ae0c538a77f15511.lib ",
   "modules": {
      "\\interlocking_system": {
         "num_wires":         24,
         "num_wire_bits":     47,
         "num_pub_wires":     10,
         "num_pub_wire_bits": 33,
         "num_memories":      0,
         "num_memory_bits":   0,
         "num_processes":     0,
         "num_cells":         19,
         "area":              131.376000,
         "num_cells_by_type": {
            "$_ANDNOT_": 3,
            "$_AND_": 3,
            "$_NOT_": 5,
            "$_OR_": 3,
            "sky130_fd_sc_hd__dfrtp_2": 4,
            "sky130_fd_sc_hd__dfstp_2": 1
         }
      }
   },
      "design": {
         "num_wires":         24,
         "num_wire_bits":     47,
         "num_pub_wires":     10,
         "num_pub_wire_bits": 33,
         "num_memories":      0,
         "num_memory_bits":   0,
         "num_processes":     0,
         "num_cells":         19,
         "area":              131.376000,
         "num_cells_by_type": {
            "$_ANDNOT_": 3,
            "$_AND_": 3,
            "$_NOT_": 5,
            "$_OR_": 3,
            "sky130_fd_sc_hd__dfrtp_2": 4,
            "sky130_fd_sc_hd__dfstp_2": 1
         }
      }
}

