{
   "creator": "Yosys 0.38 (git sha1 543faed9c8c, clang++ 17.0.6 -fPIC -Os)",
   "invocation": "stat -json -liberty /media/hari-the-geth/HPCORE/bias_proj/runs/hp_run/tmp/c5660b0f471e46e0a7a8cfe87f8c3687.lib ",
   "modules": {
      "\\interlocking_system": {
         "num_wires":         19,
         "num_wire_bits":     42,
         "num_pub_wires":     10,
         "num_pub_wire_bits": 33,
         "num_memories":      0,
         "num_memory_bits":   0,
         "num_processes":     0,
         "num_cells":         14,
         "num_cells_by_type": {
            "$_ANDNOT_": 3,
            "$_AND_": 3,
            "$_DFF_PP0_": 4,
            "$_DFF_PP1_": 1,
            "$_OR_": 3
         }
      }
   },
      "design": {
         "num_wires":         19,
         "num_wire_bits":     42,
         "num_pub_wires":     10,
         "num_pub_wire_bits": 33,
         "num_memories":      0,
         "num_memory_bits":   0,
         "num_processes":     0,
         "num_cells":         14,
         "num_cells_by_type": {
            "$_ANDNOT_": 3,
            "$_AND_": 3,
            "$_DFF_PP0_": 4,
            "$_DFF_PP1_": 1,
            "$_OR_": 3
         }
      }
}

