{
   "creator": "Yosys 0.38 (git sha1 543faed9c8c, clang++ 17.0.6 -fPIC -Os)",
   "invocation": "stat -json -liberty /media/hari-the-geth/HPCORE/bias_proj/runs/hp_run/tmp/c5660b0f471e46e0a7a8cfe87f8c3687.lib ",
   "modules": {
      "\\interlocking_system": {
         "num_wires":         23,
         "num_wire_bits":     42,
         "num_pub_wires":     12,
         "num_pub_wire_bits": 31,
         "num_memories":      0,
         "num_memory_bits":   0,
         "num_processes":     0,
         "num_cells":         16,
         "area":              195.187200,
         "num_cells_by_type": {
            "sky130_fd_sc_hd__a21o_2": 1,
            "sky130_fd_sc_hd__a22o_2": 2,
            "sky130_fd_sc_hd__and2b_2": 1,
            "sky130_fd_sc_hd__dfrtp_2": 4,
            "sky130_fd_sc_hd__dfstp_2": 1,
            "sky130_fd_sc_hd__inv_2": 7
         }
      }
   },
      "design": {
         "num_wires":         23,
         "num_wire_bits":     42,
         "num_pub_wires":     12,
         "num_pub_wire_bits": 31,
         "num_memories":      0,
         "num_memory_bits":   0,
         "num_processes":     0,
         "num_cells":         16,
         "area":              195.187200,
         "num_cells_by_type": {
            "sky130_fd_sc_hd__a21o_2": 1,
            "sky130_fd_sc_hd__a22o_2": 2,
            "sky130_fd_sc_hd__and2b_2": 1,
            "sky130_fd_sc_hd__dfrtp_2": 4,
            "sky130_fd_sc_hd__dfstp_2": 1,
            "sky130_fd_sc_hd__inv_2": 7
         }
      }
}

