{
    "time": {
        "cpu_time_user": "00:00:01.429",
        "cpu_time_system": "00:00:00.210",
        "runtime": "00:00:01.743",
        "cpu_time_iowait": "00:00:00.000"
    },
    "peak_resources": {
        "cpu_percent": 108.9,
        "memory_rss": "119MiB",
        "memory_vms": "247MiB",
        "threads": 2
    },
    "avg_resources": {
        "cpu_percent": 84.29473684210527,
        "memory_rss": "68MiB",
        "memory_vms": "181MiB",
        "threads": 1.5789473684210527
    }
}