net,length_um
net2,123.07µm
net4,115.8µm
net3,89.2µm
clk,83.89µm
net5,83.2µm
net6,81.22µm
net1,73.26µm
clknet_1_0__leaf_clk,39.7µm
clknet_1_1__leaf_clk,31.96µm
_00_,22.58µm
clknet_0_clk,20.54µm
current_state\[0\],20.08µm
current_state\[3\],16.76µm
_10_,15.8µm
net12,9.76µm
track_locked,8.96µm
train_switched,8.96µm
_09_,8.44µm
_07_,6.91µm
train_detect,6.55µm
route_request,6.31µm
net11,5.8µm
net8,5.72µm
reset,5.63µm
net9,5.6µm
platform_occupied,4.61µm
_08_,4.22µm
_02_,3.54µm
_03_,3.08µm
net7,3.08µm
_01_,2.76µm
_05_,2.38µm
_06_,2.16µm
current_state\[2\],2.16µm
_04_,1.82µm
net10,1.38µm
