{
    "time": {
        "cpu_time_user": "00:00:33.990",
        "cpu_time_system": "00:00:01.030",
        "runtime": "00:00:34.762",
        "cpu_time_iowait": "00:00:00.000"
    },
    "peak_resources": {
        "cpu_percent": 154.0,
        "memory_rss": "165MiB",
        "memory_vms": "859MiB",
        "threads": 9
    },
    "avg_resources": {
        "cpu_percent": 100.38299999999995,
        "memory_rss": "140MiB",
        "memory_vms": "761MiB",
        "threads": 3.7333333333333334
    }
}