{
    "time": {
        "cpu_time_user": "00:00:00.530",
        "cpu_time_system": "00:00:00.100",
        "runtime": "00:00:00.718",
        "cpu_time_iowait": "00:00:00.000"
    },
    "peak_resources": {
        "cpu_percent": 108.5,
        "memory_rss": "59MiB",
        "memory_vms": "137MiB",
        "threads": 1
    },
    "avg_resources": {
        "cpu_percent": 68.32222222222222,
        "memory_rss": "23MiB",
        "memory_vms": "66MiB",
        "threads": 0.8888888888888888
    }
}