{
    "time": {
        "cpu_time_user": "00:00:01.350",
        "cpu_time_system": "00:00:00.290",
        "runtime": "00:00:01.757",
        "cpu_time_iowait": "00:00:00.000"
    },
    "peak_resources": {
        "cpu_percent": 108.6,
        "memory_rss": "98MiB",
        "memory_vms": "193MiB",
        "threads": 1
    },
    "avg_resources": {
        "cpu_percent": 83.7421052631579,
        "memory_rss": "54MiB",
        "memory_vms": "134MiB",
        "threads": 0.9473684210526315
    }
}