{
    "time": {
        "cpu_time_user": "00:00:33.329",
        "cpu_time_system": "00:00:02.040",
        "runtime": "00:00:10.776",
        "cpu_time_iowait": "00:00:00.000"
    },
    "peak_resources": {
        "cpu_percent": 691.3,
        "memory_rss": "496MiB",
        "memory_vms": "1GiB",
        "threads": 17
    },
    "avg_resources": {
        "cpu_percent": 319.93564356435667,
        "memory_rss": "219MiB",
        "memory_vms": "782MiB",
        "threads": 13.613861386138614
    }
}