{
    "time": {
        "cpu_time_user": "00:00:10.220",
        "cpu_time_system": "00:00:00.330",
        "runtime": "00:00:10.594",
        "cpu_time_iowait": "00:00:00.000"
    },
    "peak_resources": {
        "cpu_percent": 112.1,
        "memory_rss": "123MiB",
        "memory_vms": "131MiB",
        "threads": 1
    },
    "avg_resources": {
        "cpu_percent": 97.71456310679618,
        "memory_rss": "104MiB",
        "memory_vms": "111MiB",
        "threads": 0.9902912621359223
    }
}