{
    "time": {
        "cpu_time_user": "00:00:01.980",
        "cpu_time_system": "00:00:00.230",
        "runtime": "00:00:02.254",
        "cpu_time_iowait": "00:00:00.000"
    },
    "peak_resources": {
        "cpu_percent": 108.7,
        "memory_rss": "113MiB",
        "memory_vms": "247MiB",
        "threads": 2
    },
    "avg_resources": {
        "cpu_percent": 89.95416666666667,
        "memory_rss": "73MiB",
        "memory_vms": "198MiB",
        "threads": 1.7083333333333333
    }
}