{
    "time": {
        "cpu_time_user": "00:00:01.820",
        "cpu_time_system": "00:00:00.200",
        "runtime": "00:00:02.140",
        "cpu_time_iowait": "00:00:00.000"
    },
    "peak_resources": {
        "cpu_percent": 108.9,
        "memory_rss": "106MiB",
        "memory_vms": "240MiB",
        "threads": 2
    },
    "avg_resources": {
        "cpu_percent": 86.19130434782609,
        "memory_rss": "68MiB",
        "memory_vms": "183MiB",
        "threads": 1.6521739130434783
    }
}