{
    "nl": "/media/hari-the-geth/HPCORE/bias_proj/runs/hp_run/06-yosys-synthesis/interlocking_system.nl.v",
    "pnl": null,
    "pnl-sdf-friendly": null,
    "pnl-npc": null,
    "def": null,
    "lef": null,
    "openroad-lef": null,
    "odb": null,
    "sdc": null,
    "sdf": {
        "nom_tt_025C_1v80": "/media/hari-the-geth/HPCORE/bias_proj/runs/hp_run/12-openroad-staprepnr/nom_tt_025C_1v80/interlocking_system__nom_tt_025C_1v80.sdf",
        "nom_ss_100C_1v60": "/media/hari-the-geth/HPCORE/bias_proj/runs/hp_run/12-openroad-staprepnr/nom_ss_100C_1v60/interlocking_system__nom_ss_100C_1v60.sdf",
        "nom_ff_n40C_1v95": "/media/hari-the-geth/HPCORE/bias_proj/runs/hp_run/12-openroad-staprepnr/nom_ff_n40C_1v95/interlocking_system__nom_ff_n40C_1v95.sdf"
    },
    "spef": null,
    "lib": null,
    "spice": null,
    "mag": null,
    "gds": null,
    "mag_gds": null,
    "klayout_gds": null,
    "json_h": "/media/hari-the-geth/HPCORE/bias_proj/runs/hp_run/05-yosys-jsonheader/interlocking_system.h.json",
    "vh": null,
    "metrics": {
        "design__lint_error__count": 0,
        "design__lint_timing_construct__count": 0,
        "design__lint_warning__count": 4,
        "design__inferred_latch__count": 0,
        "design__instance__count": 16,
        "design__instance__area": 195.1872,
        "design__instance_unmapped__count": 0,
        "synthesis__check_error__count": 0,
        "design__max_slew_violation__count__corner:nom_tt_025C_1v80": 0,
        "design__max_fanout_violation__count__corner:nom_tt_025C_1v80": 0,
        "design__max_cap_violation__count__corner:nom_tt_025C_1v80": 0,
        "power__internal__total": 9.711960956337862e-06,
        "power__switching__total": 1.7470968316501967e-07,
        "power__leakage__total": 2.053186787254191e-10,
        "power__total": 9.886875886877533e-06,
        "clock__skew__worst_hold__corner:nom_tt_025C_1v80": 0,
        "clock__skew__worst_setup__corner:nom_tt_025C_1v80": 0,
        "timing__hold__ws__corner:nom_tt_025C_1v80": 0.2540433491033117,
        "timing__setup__ws__corner:nom_tt_025C_1v80": 19.239744564320162,
        "timing__hold__tns__corner:nom_tt_025C_1v80": 0,
        "timing__setup__tns__corner:nom_tt_025C_1v80": 0,
        "timing__hold__wns__corner:nom_tt_025C_1v80": 0,
        "timing__setup__wns__corner:nom_tt_025C_1v80": 0,
        "timing__hold_vio__count__corner:nom_tt_025C_1v80": 0,
        "timing__hold_r2r__ws__corner:nom_tt_025C_1v80": 0.254043,
        "timing__hold_r2r_vio__count__corner:nom_tt_025C_1v80": 0,
        "timing__setup_vio__count__corner:nom_tt_025C_1v80": 0,
        "timing__setup_r2r__ws__corner:nom_tt_025C_1v80": 24.118938,
        "timing__setup_r2r_vio__count__corner:nom_tt_025C_1v80": 0,
        "design__max_slew_violation__count__corner:nom_ss_100C_1v60": 0,
        "design__max_fanout_violation__count__corner:nom_ss_100C_1v60": 0,
        "design__max_cap_violation__count__corner:nom_ss_100C_1v60": 0,
        "clock__skew__worst_hold__corner:nom_ss_100C_1v60": 0,
        "clock__skew__worst_setup__corner:nom_ss_100C_1v60": 0,
        "timing__hold__ws__corner:nom_ss_100C_1v60": 0.7729778147457383,
        "timing__setup__ws__corner:nom_ss_100C_1v60": 18.747746996596835,
        "timing__hold__tns__corner:nom_ss_100C_1v60": 0,
        "timing__setup__tns__corner:nom_ss_100C_1v60": 0,
        "timing__hold__wns__corner:nom_ss_100C_1v60": 0,
        "timing__setup__wns__corner:nom_ss_100C_1v60": 0,
        "timing__hold_vio__count__corner:nom_ss_100C_1v60": 0,
        "timing__hold_r2r__ws__corner:nom_ss_100C_1v60": 0.772978,
        "timing__hold_r2r_vio__count__corner:nom_ss_100C_1v60": 0,
        "timing__setup_vio__count__corner:nom_ss_100C_1v60": 0,
        "timing__setup_r2r__ws__corner:nom_ss_100C_1v60": 23.433245,
        "timing__setup_r2r_vio__count__corner:nom_ss_100C_1v60": 0,
        "design__max_slew_violation__count__corner:nom_ff_n40C_1v95": 0,
        "design__max_fanout_violation__count__corner:nom_ff_n40C_1v95": 0,
        "design__max_cap_violation__count__corner:nom_ff_n40C_1v95": 0,
        "clock__skew__worst_hold__corner:nom_ff_n40C_1v95": 0,
        "clock__skew__worst_setup__corner:nom_ff_n40C_1v95": 0,
        "timing__hold__ws__corner:nom_ff_n40C_1v95": 0.06947781435716031,
        "timing__setup__ws__corner:nom_ff_n40C_1v95": 19.421043101190502,
        "timing__hold__tns__corner:nom_ff_n40C_1v95": 0,
        "timing__setup__tns__corner:nom_ff_n40C_1v95": 0,
        "timing__hold__wns__corner:nom_ff_n40C_1v95": 0,
        "timing__setup__wns__corner:nom_ff_n40C_1v95": 0,
        "timing__hold_vio__count__corner:nom_ff_n40C_1v95": 0,
        "timing__hold_r2r__ws__corner:nom_ff_n40C_1v95": 0.069478,
        "timing__hold_r2r_vio__count__corner:nom_ff_n40C_1v95": 0,
        "timing__setup_vio__count__corner:nom_ff_n40C_1v95": 0,
        "timing__setup_r2r__ws__corner:nom_ff_n40C_1v95": 24.341576,
        "timing__setup_r2r_vio__count__corner:nom_ff_n40C_1v95": 0,
        "design__max_slew_violation__count": 0,
        "design__max_fanout_violation__count": 0,
        "design__max_cap_violation__count": 0,
        "clock__skew__worst_hold": 0,
        "clock__skew__worst_setup": 0,
        "timing__hold__ws": 0.06947781435716031,
        "timing__setup__ws": 18.747746996596835,
        "timing__hold__tns": 0,
        "timing__setup__tns": 0,
        "timing__hold__wns": 0,
        "timing__setup__wns": 0,
        "timing__hold_vio__count": 0,
        "timing__hold_r2r__ws": 0.069478,
        "timing__hold_r2r_vio__count": 0,
        "timing__setup_vio__count": 0,
        "timing__setup_r2r__ws": 23.433245,
        "timing__setup_r2r_vio__count": 0
    }
}