{
	"design__max_slew_violation__count__corner:nom_tt_025C_1v80": 0,
	"design__max_fanout_violation__count__corner:nom_tt_025C_1v80": 0,
	"design__max_cap_violation__count__corner:nom_tt_025C_1v80": 0,
	"power__internal__total": 3.05112e-05,
	"power__switching__total": 5.26974e-06,
	"power__leakage__total": 6.92094e-10,
	"power__total": 3.57816e-05,
	"clock__skew__worst_hold__corner:nom_tt_025C_1v80": -0.250657,
	"clock__skew__worst_setup__corner:nom_tt_025C_1v80": 0.250873,
	"timing__hold__ws__corner:nom_tt_025C_1v80": 0.352879,
	"timing__setup__ws__corner:nom_tt_025C_1v80": 18.8783,
	"timing__hold__tns__corner:nom_tt_025C_1v80": 0,
	"timing__setup__tns__corner:nom_tt_025C_1v80": 0,
	"timing__hold__wns__corner:nom_tt_025C_1v80": 0,
	"timing__setup__wns__corner:nom_tt_025C_1v80": 0,
	"timing__hold_vio__count__corner:nom_tt_025C_1v80": 0,
	"timing__hold_r2r__ws__corner:nom_tt_025C_1v80": 0.352879,
	"timing__hold_r2r_vio__count__corner:nom_tt_025C_1v80": 0,
	"timing__setup_vio__count__corner:nom_tt_025C_1v80": 0,
	"timing__setup_r2r__ws__corner:nom_tt_025C_1v80": 23.6954,
	"timing__setup_r2r_vio__count__corner:nom_tt_025C_1v80": 0,
	"flow__warnings__count": 0,
	"flow__errors__count": 0
}