{
    "time": {
        "cpu_time_user": "00:00:01.810",
        "cpu_time_system": "00:00:00.210",
        "runtime": "00:00:02.069",
        "cpu_time_iowait": "00:00:00.000"
    },
    "peak_resources": {
        "cpu_percent": 111.4,
        "memory_rss": "120MiB",
        "memory_vms": "248MiB",
        "threads": 2
    },
    "avg_resources": {
        "cpu_percent": 88.88181818181816,
        "memory_rss": "78MiB",
        "memory_vms": "200MiB",
        "threads": 1.6818181818181819
    }
}