{
    "time": {
        "cpu_time_user": "00:00:05.450",
        "cpu_time_system": "00:00:00.530",
        "runtime": "00:00:09.340",
        "cpu_time_iowait": "00:00:00.000"
    },
    "peak_resources": {
        "cpu_percent": 107.9,
        "memory_rss": "31MiB",
        "memory_vms": "34MiB",
        "threads": 1
    },
    "avg_resources": {
        "cpu_percent": 63.05411764705884,
        "memory_rss": "18MiB",
        "memory_vms": "22MiB",
        "threads": 0.9882352941176471
    }
}