{
    "time": {
        "cpu_time_user": "00:00:08.869",
        "cpu_time_system": "00:00:00.380",
        "runtime": "00:00:09.464",
        "cpu_time_iowait": "00:00:00.000"
    },
    "peak_resources": {
        "cpu_percent": 116.5,
        "memory_rss": "122MiB",
        "memory_vms": "129MiB",
        "threads": 1
    },
    "avg_resources": {
        "cpu_percent": 95.31529411764697,
        "memory_rss": "82MiB",
        "memory_vms": "88MiB",
        "threads": 0.9882352941176471
    }
}