{
    "nl": "/media/hari-the-geth/HPCORE/bias_proj/runs/RUN_2024-10-19_23-23-55/50-openroad-fillinsertion/interlocking_system.nl.v",
    "pnl": "/media/hari-the-geth/HPCORE/bias_proj/runs/RUN_2024-10-19_23-23-55/50-openroad-fillinsertion/interlocking_system.pnl.v",
    "pnl-sdf-friendly": null,
    "pnl-npc": null,
    "def": "/media/hari-the-geth/HPCORE/bias_proj/runs/RUN_2024-10-19_23-23-55/50-openroad-fillinsertion/interlocking_system.def",
    "lef": "/media/hari-the-geth/HPCORE/bias_proj/runs/RUN_2024-10-19_23-23-55/56-magic-writelef/interlocking_system.lef",
    "openroad-lef": null,
    "odb": "/media/hari-the-geth/HPCORE/bias_proj/runs/RUN_2024-10-19_23-23-55/50-openroad-fillinsertion/interlocking_system.odb",
    "sdc": "/media/hari-the-geth/HPCORE/bias_proj/runs/RUN_2024-10-19_23-23-55/50-openroad-fillinsertion/interlocking_system.sdc",
    "sdf": {
        "nom_tt_025C_1v80": "/media/hari-the-geth/HPCORE/bias_proj/runs/RUN_2024-10-19_23-23-55/52-openroad-stapostpnr/nom_tt_025C_1v80/interlocking_system__nom_tt_025C_1v80.sdf",
        "nom_ss_100C_1v60": "/media/hari-the-geth/HPCORE/bias_proj/runs/RUN_2024-10-19_23-23-55/52-openroad-stapostpnr/nom_ss_100C_1v60/interlocking_system__nom_ss_100C_1v60.sdf",
        "nom_ff_n40C_1v95": "/media/hari-the-geth/HPCORE/bias_proj/runs/RUN_2024-10-19_23-23-55/52-openroad-stapostpnr/nom_ff_n40C_1v95/interlocking_system__nom_ff_n40C_1v95.sdf",
        "min_tt_025C_1v80": "/media/hari-the-geth/HPCORE/bias_proj/runs/RUN_2024-10-19_23-23-55/52-openroad-stapostpnr/min_tt_025C_1v80/interlocking_system__min_tt_025C_1v80.sdf",
        "min_ss_100C_1v60": "/media/hari-the-geth/HPCORE/bias_proj/runs/RUN_2024-10-19_23-23-55/52-openroad-stapostpnr/min_ss_100C_1v60/interlocking_system__min_ss_100C_1v60.sdf",
        "min_ff_n40C_1v95": "/media/hari-the-geth/HPCORE/bias_proj/runs/RUN_2024-10-19_23-23-55/52-openroad-stapostpnr/min_ff_n40C_1v95/interlocking_system__min_ff_n40C_1v95.sdf",
        "max_tt_025C_1v80": "/media/hari-the-geth/HPCORE/bias_proj/runs/RUN_2024-10-19_23-23-55/52-openroad-stapostpnr/max_tt_025C_1v80/interlocking_system__max_tt_025C_1v80.sdf",
        "max_ss_100C_1v60": "/media/hari-the-geth/HPCORE/bias_proj/runs/RUN_2024-10-19_23-23-55/52-openroad-stapostpnr/max_ss_100C_1v60/interlocking_system__max_ss_100C_1v60.sdf",
        "max_ff_n40C_1v95": "/media/hari-the-geth/HPCORE/bias_proj/runs/RUN_2024-10-19_23-23-55/52-openroad-stapostpnr/max_ff_n40C_1v95/interlocking_system__max_ff_n40C_1v95.sdf"
    },
    "spef": {
        "nom_*": "/media/hari-the-geth/HPCORE/bias_proj/runs/RUN_2024-10-19_23-23-55/51-openroad-rcx/nom/interlocking_system.nom.spef",
        "min_*": "/media/hari-the-geth/HPCORE/bias_proj/runs/RUN_2024-10-19_23-23-55/51-openroad-rcx/min/interlocking_system.min.spef",
        "max_*": "/media/hari-the-geth/HPCORE/bias_proj/runs/RUN_2024-10-19_23-23-55/51-openroad-rcx/max/interlocking_system.max.spef"
    },
    "lib": {
        "nom_tt_025C_1v80": "/media/hari-the-geth/HPCORE/bias_proj/runs/RUN_2024-10-19_23-23-55/52-openroad-stapostpnr/nom_tt_025C_1v80/interlocking_system__nom_tt_025C_1v80.lib",
        "nom_ss_100C_1v60": "/media/hari-the-geth/HPCORE/bias_proj/runs/RUN_2024-10-19_23-23-55/52-openroad-stapostpnr/nom_ss_100C_1v60/interlocking_system__nom_ss_100C_1v60.lib",
        "nom_ff_n40C_1v95": "/media/hari-the-geth/HPCORE/bias_proj/runs/RUN_2024-10-19_23-23-55/52-openroad-stapostpnr/nom_ff_n40C_1v95/interlocking_system__nom_ff_n40C_1v95.lib",
        "min_tt_025C_1v80": "/media/hari-the-geth/HPCORE/bias_proj/runs/RUN_2024-10-19_23-23-55/52-openroad-stapostpnr/min_tt_025C_1v80/interlocking_system__min_tt_025C_1v80.lib",
        "min_ss_100C_1v60": "/media/hari-the-geth/HPCORE/bias_proj/runs/RUN_2024-10-19_23-23-55/52-openroad-stapostpnr/min_ss_100C_1v60/interlocking_system__min_ss_100C_1v60.lib",
        "min_ff_n40C_1v95": "/media/hari-the-geth/HPCORE/bias_proj/runs/RUN_2024-10-19_23-23-55/52-openroad-stapostpnr/min_ff_n40C_1v95/interlocking_system__min_ff_n40C_1v95.lib",
        "max_tt_025C_1v80": "/media/hari-the-geth/HPCORE/bias_proj/runs/RUN_2024-10-19_23-23-55/52-openroad-stapostpnr/max_tt_025C_1v80/interlocking_system__max_tt_025C_1v80.lib",
        "max_ss_100C_1v60": "/media/hari-the-geth/HPCORE/bias_proj/runs/RUN_2024-10-19_23-23-55/52-openroad-stapostpnr/max_ss_100C_1v60/interlocking_system__max_ss_100C_1v60.lib",
        "max_ff_n40C_1v95": "/media/hari-the-geth/HPCORE/bias_proj/runs/RUN_2024-10-19_23-23-55/52-openroad-stapostpnr/max_ff_n40C_1v95/interlocking_system__max_ff_n40C_1v95.lib"
    },
    "spice": null,
    "mag": "/media/hari-the-geth/HPCORE/bias_proj/runs/RUN_2024-10-19_23-23-55/54-magic-streamout/interlocking_system.mag",
    "gds": "/media/hari-the-geth/HPCORE/bias_proj/runs/RUN_2024-10-19_23-23-55/54-magic-streamout/interlocking_system.gds",
    "mag_gds": "/media/hari-the-geth/HPCORE/bias_proj/runs/RUN_2024-10-19_23-23-55/54-magic-streamout/interlocking_system.magic.gds",
    "klayout_gds": "/media/hari-the-geth/HPCORE/bias_proj/runs/RUN_2024-10-19_23-23-55/55-klayout-streamout/interlocking_system.klayout.gds",
    "json_h": "/media/hari-the-geth/HPCORE/bias_proj/runs/RUN_2024-10-19_23-23-55/05-yosys-jsonheader/interlocking_system.h.json",
    "vh": "/media/hari-the-geth/HPCORE/bias_proj/runs/RUN_2024-10-19_23-23-55/28-odb-writeverilogheader/interlocking_system.vh",
    "metrics": {
        "design__lint_error__count": 0,
        "design__lint_timing_construct__count": 0,
        "design__lint_warning__count": 4,
        "design__inferred_latch__count": 0,
        "design__instance__count": 587,
        "design__instance__area": 1049.76,
        "design__instance_unmapped__count": 0,
        "synthesis__check_error__count": 0,
        "design__max_slew_violation__count__corner:nom_tt_025C_1v80": 0,
        "design__max_fanout_violation__count__corner:nom_tt_025C_1v80": 0,
        "design__max_cap_violation__count__corner:nom_tt_025C_1v80": 0,
        "power__internal__total": 3.523354098433629e-05,
        "power__switching__total": 6.983352704992285e-06,
        "power__leakage__total": 3.3732252546769814e-09,
        "power__total": 4.222026473144069e-05,
        "clock__skew__worst_hold__corner:nom_tt_025C_1v80": -0.0008039957815964763,
        "clock__skew__worst_setup__corner:nom_tt_025C_1v80": -0.0008039957815964763,
        "timing__hold__ws__corner:nom_tt_025C_1v80": 0.35708714773593875,
        "timing__setup__ws__corner:nom_tt_025C_1v80": 18.836579051933903,
        "timing__hold__tns__corner:nom_tt_025C_1v80": 0,
        "timing__setup__tns__corner:nom_tt_025C_1v80": 0,
        "timing__hold__wns__corner:nom_tt_025C_1v80": 0,
        "timing__setup__wns__corner:nom_tt_025C_1v80": 0,
        "timing__hold_vio__count__corner:nom_tt_025C_1v80": 0,
        "timing__hold_r2r__ws__corner:nom_tt_025C_1v80": 0.357087,
        "timing__hold_r2r_vio__count__corner:nom_tt_025C_1v80": 0,
        "timing__setup_vio__count__corner:nom_tt_025C_1v80": 0,
        "timing__setup_r2r__ws__corner:nom_tt_025C_1v80": 23.676319,
        "timing__setup_r2r_vio__count__corner:nom_tt_025C_1v80": 0,
        "design__max_slew_violation__count__corner:nom_ss_100C_1v60": 0,
        "design__max_fanout_violation__count__corner:nom_ss_100C_1v60": 0,
        "design__max_cap_violation__count__corner:nom_ss_100C_1v60": 0,
        "clock__skew__worst_hold__corner:nom_ss_100C_1v60": -0.0013848367289320464,
        "clock__skew__worst_setup__corner:nom_ss_100C_1v60": -0.0013848367289320464,
        "timing__hold__ws__corner:nom_ss_100C_1v60": 0.9522103375311237,
        "timing__setup__ws__corner:nom_ss_100C_1v60": 18.000824451641403,
        "timing__hold__tns__corner:nom_ss_100C_1v60": 0,
        "timing__setup__tns__corner:nom_ss_100C_1v60": 0,
        "timing__hold__wns__corner:nom_ss_100C_1v60": 0,
        "timing__setup__wns__corner:nom_ss_100C_1v60": 0,
        "timing__hold_vio__count__corner:nom_ss_100C_1v60": 0,
        "timing__hold_r2r__ws__corner:nom_ss_100C_1v60": 0.95221,
        "timing__hold_r2r_vio__count__corner:nom_ss_100C_1v60": 0,
        "timing__setup_vio__count__corner:nom_ss_100C_1v60": 0,
        "timing__setup_r2r__ws__corner:nom_ss_100C_1v60": 22.488976,
        "timing__setup_r2r_vio__count__corner:nom_ss_100C_1v60": 0,
        "design__max_slew_violation__count__corner:nom_ff_n40C_1v95": 0,
        "design__max_fanout_violation__count__corner:nom_ff_n40C_1v95": 0,
        "design__max_cap_violation__count__corner:nom_ff_n40C_1v95": 0,
        "clock__skew__worst_hold__corner:nom_ff_n40C_1v95": -0.0005508094136701099,
        "clock__skew__worst_setup__corner:nom_ff_n40C_1v95": -0.0005508094136701099,
        "timing__hold__ws__corner:nom_ff_n40C_1v95": 0.11023673952357442,
        "timing__setup__ws__corner:nom_ff_n40C_1v95": 19.138556170458763,
        "timing__hold__tns__corner:nom_ff_n40C_1v95": 0,
        "timing__setup__tns__corner:nom_ff_n40C_1v95": 0,
        "timing__hold__wns__corner:nom_ff_n40C_1v95": 0,
        "timing__setup__wns__corner:nom_ff_n40C_1v95": 0,
        "timing__hold_vio__count__corner:nom_ff_n40C_1v95": 0,
        "timing__hold_r2r__ws__corner:nom_ff_n40C_1v95": 0.110237,
        "timing__hold_r2r_vio__count__corner:nom_ff_n40C_1v95": 0,
        "timing__setup_vio__count__corner:nom_ff_n40C_1v95": 0,
        "timing__setup_r2r__ws__corner:nom_ff_n40C_1v95": 24.054945,
        "timing__setup_r2r_vio__count__corner:nom_ff_n40C_1v95": 0,
        "design__max_slew_violation__count": 0,
        "design__max_fanout_violation__count": 0,
        "design__max_cap_violation__count": 0,
        "clock__skew__worst_hold": -0.0004106853862116292,
        "clock__skew__worst_setup": -0.0015161206053069328,
        "timing__hold__ws": 0.10874687569354247,
        "timing__setup__ws": 17.981128206449085,
        "timing__hold__tns": 0,
        "timing__setup__tns": 0,
        "timing__hold__wns": 0,
        "timing__setup__wns": 0,
        "timing__hold_vio__count": 0,
        "timing__hold_r2r__ws": 0.108747,
        "timing__hold_r2r_vio__count": 0,
        "timing__setup_vio__count": 0,
        "timing__setup_r2r__ws": 22.478773,
        "timing__setup_r2r_vio__count": 0,
        "design__die__bbox": "0.0 0.0 208.62 219.34",
        "design__core__bbox": "5.52 10.88 202.86 206.72",
        "flow__warnings__count": 0,
        "flow__errors__count": 0,
        "design__io": 30,
        "design__die__area": 45758.7,
        "design__core__area": 38647.1,
        "design__instance__count__stdcell": 587,
        "design__instance__area__stdcell": 1049.76,
        "design__instance__count__macros": 0,
        "design__instance__area__macros": 0,
        "design__instance__utilization": 0.0271627,
        "design__instance__utilization__stdcell": 0.0271627,
        "design__power_grid_violation__count__net:VGND": 0,
        "design__power_grid_violation__count__net:VPWR": 0,
        "design__power_grid_violation__count": 0,
        "floorplan__design__io": 28,
        "design__io__hpwl": 762867,
        "timing__drv__floating__nets": 0,
        "timing__drv__floating__pins": 0,
        "design__instance__displacement__total": 0,
        "design__instance__displacement__mean": 0,
        "design__instance__displacement__max": 0,
        "route__wirelength__estimated": 970.104,
        "design__violations": 0,
        "design__instance__count__setup_buffer": 0,
        "design__instance__count__hold_buffer": 6,
        "antenna__violating__nets": 0,
        "antenna__violating__pins": 0,
        "route__antenna_violation__count": 0,
        "route__net": 57,
        "route__net__special": 2,
        "route__drc_errors__iter:1": 3,
        "route__wirelength__iter:1": 933,
        "route__drc_errors__iter:2": 0,
        "route__wirelength__iter:2": 927,
        "route__drc_errors": 0,
        "route__wirelength": 927,
        "route__vias": 165,
        "route__vias__singlecut": 165,
        "route__vias__multicut": 0,
        "design__disconnected_pin__count": 21,
        "design__critical_disconnected_pin__count": 0,
        "route__wirelength__max": 123.07,
        "timing__unannotated_net__count__corner:nom_tt_025C_1v80": 22,
        "timing__unannotated_net_filtered__count__corner:nom_tt_025C_1v80": 0,
        "timing__unannotated_net__count__corner:nom_ss_100C_1v60": 22,
        "timing__unannotated_net_filtered__count__corner:nom_ss_100C_1v60": 0,
        "timing__unannotated_net__count__corner:nom_ff_n40C_1v95": 22,
        "timing__unannotated_net_filtered__count__corner:nom_ff_n40C_1v95": 0,
        "design__max_slew_violation__count__corner:min_tt_025C_1v80": 0,
        "design__max_fanout_violation__count__corner:min_tt_025C_1v80": 0,
        "design__max_cap_violation__count__corner:min_tt_025C_1v80": 0,
        "clock__skew__worst_hold__corner:min_tt_025C_1v80": -0.0007930878400710365,
        "clock__skew__worst_setup__corner:min_tt_025C_1v80": -0.0007930878400710365,
        "timing__hold__ws__corner:min_tt_025C_1v80": 0.35488896159616323,
        "timing__setup__ws__corner:min_tt_025C_1v80": 18.847109295575684,
        "timing__hold__tns__corner:min_tt_025C_1v80": 0,
        "timing__setup__tns__corner:min_tt_025C_1v80": 0,
        "timing__hold__wns__corner:min_tt_025C_1v80": 0,
        "timing__setup__wns__corner:min_tt_025C_1v80": 0,
        "timing__hold_vio__count__corner:min_tt_025C_1v80": 0,
        "timing__hold_r2r__ws__corner:min_tt_025C_1v80": 0.354889,
        "timing__hold_r2r_vio__count__corner:min_tt_025C_1v80": 0,
        "timing__setup_vio__count__corner:min_tt_025C_1v80": 0,
        "timing__setup_r2r__ws__corner:min_tt_025C_1v80": 23.680914,
        "timing__setup_r2r_vio__count__corner:min_tt_025C_1v80": 0,
        "timing__unannotated_net__count__corner:min_tt_025C_1v80": 22,
        "timing__unannotated_net_filtered__count__corner:min_tt_025C_1v80": 0,
        "design__max_slew_violation__count__corner:min_ss_100C_1v60": 0,
        "design__max_fanout_violation__count__corner:min_ss_100C_1v60": 0,
        "design__max_cap_violation__count__corner:min_ss_100C_1v60": 0,
        "clock__skew__worst_hold__corner:min_ss_100C_1v60": -0.0015161206053069328,
        "clock__skew__worst_setup__corner:min_ss_100C_1v60": -0.0015161206053069328,
        "timing__hold__ws__corner:min_ss_100C_1v60": 0.9483416542701011,
        "timing__setup__ws__corner:min_ss_100C_1v60": 18.016841861715278,
        "timing__hold__tns__corner:min_ss_100C_1v60": 0,
        "timing__setup__tns__corner:min_ss_100C_1v60": 0,
        "timing__hold__wns__corner:min_ss_100C_1v60": 0,
        "timing__setup__wns__corner:min_ss_100C_1v60": 0,
        "timing__hold_vio__count__corner:min_ss_100C_1v60": 0,
        "timing__hold_r2r__ws__corner:min_ss_100C_1v60": 0.948342,
        "timing__hold_r2r_vio__count__corner:min_ss_100C_1v60": 0,
        "timing__setup_vio__count__corner:min_ss_100C_1v60": 0,
        "timing__setup_r2r__ws__corner:min_ss_100C_1v60": 22.497967,
        "timing__setup_r2r_vio__count__corner:min_ss_100C_1v60": 0,
        "timing__unannotated_net__count__corner:min_ss_100C_1v60": 22,
        "timing__unannotated_net_filtered__count__corner:min_ss_100C_1v60": 0,
        "design__max_slew_violation__count__corner:min_ff_n40C_1v95": 0,
        "design__max_fanout_violation__count__corner:min_ff_n40C_1v95": 0,
        "design__max_cap_violation__count__corner:min_ff_n40C_1v95": 0,
        "clock__skew__worst_hold__corner:min_ff_n40C_1v95": -0.0005444811422507707,
        "clock__skew__worst_setup__corner:min_ff_n40C_1v95": -0.0005444811422507707,
        "timing__hold__ws__corner:min_ff_n40C_1v95": 0.10874687569354247,
        "timing__setup__ws__corner:min_ff_n40C_1v95": 19.145839233706283,
        "timing__hold__tns__corner:min_ff_n40C_1v95": 0,
        "timing__setup__tns__corner:min_ff_n40C_1v95": 0,
        "timing__hold__wns__corner:min_ff_n40C_1v95": 0,
        "timing__setup__wns__corner:min_ff_n40C_1v95": 0,
        "timing__hold_vio__count__corner:min_ff_n40C_1v95": 0,
        "timing__hold_r2r__ws__corner:min_ff_n40C_1v95": 0.108747,
        "timing__hold_r2r_vio__count__corner:min_ff_n40C_1v95": 0,
        "timing__setup_vio__count__corner:min_ff_n40C_1v95": 0,
        "timing__setup_r2r__ws__corner:min_ff_n40C_1v95": 24.057962,
        "timing__setup_r2r_vio__count__corner:min_ff_n40C_1v95": 0,
        "timing__unannotated_net__count__corner:min_ff_n40C_1v95": 22,
        "timing__unannotated_net_filtered__count__corner:min_ff_n40C_1v95": 0,
        "design__max_slew_violation__count__corner:max_tt_025C_1v80": 0,
        "design__max_fanout_violation__count__corner:max_tt_025C_1v80": 0,
        "design__max_cap_violation__count__corner:max_tt_025C_1v80": 0,
        "clock__skew__worst_hold__corner:max_tt_025C_1v80": -0.0006336042980731302,
        "clock__skew__worst_setup__corner:max_tt_025C_1v80": -0.0006336042980731302,
        "timing__hold__ws__corner:max_tt_025C_1v80": 0.3590065568663466,
        "timing__setup__ws__corner:max_tt_025C_1v80": 18.823613422996427,
        "timing__hold__tns__corner:max_tt_025C_1v80": 0,
        "timing__setup__tns__corner:max_tt_025C_1v80": 0,
        "timing__hold__wns__corner:max_tt_025C_1v80": 0,
        "timing__setup__wns__corner:max_tt_025C_1v80": 0,
        "timing__hold_vio__count__corner:max_tt_025C_1v80": 0,
        "timing__hold_r2r__ws__corner:max_tt_025C_1v80": 0.359007,
        "timing__hold_r2r_vio__count__corner:max_tt_025C_1v80": 0,
        "timing__setup_vio__count__corner:max_tt_025C_1v80": 0,
        "timing__setup_r2r__ws__corner:max_tt_025C_1v80": 23.67169,
        "timing__setup_r2r_vio__count__corner:max_tt_025C_1v80": 0,
        "timing__unannotated_net__count__corner:max_tt_025C_1v80": 22,
        "timing__unannotated_net_filtered__count__corner:max_tt_025C_1v80": 0,
        "design__max_slew_violation__count__corner:max_ss_100C_1v60": 0,
        "design__max_fanout_violation__count__corner:max_ss_100C_1v60": 0,
        "design__max_cap_violation__count__corner:max_ss_100C_1v60": 0,
        "clock__skew__worst_hold__corner:max_ss_100C_1v60": -0.0010453860295525834,
        "clock__skew__worst_setup__corner:max_ss_100C_1v60": -0.0010453860295525834,
        "timing__hold__ws__corner:max_ss_100C_1v60": 0.9555014827584025,
        "timing__setup__ws__corner:max_ss_100C_1v60": 17.981128206449085,
        "timing__hold__tns__corner:max_ss_100C_1v60": 0,
        "timing__setup__tns__corner:max_ss_100C_1v60": 0,
        "timing__hold__wns__corner:max_ss_100C_1v60": 0,
        "timing__setup__wns__corner:max_ss_100C_1v60": 0,
        "timing__hold_vio__count__corner:max_ss_100C_1v60": 0,
        "timing__hold_r2r__ws__corner:max_ss_100C_1v60": 0.955501,
        "timing__hold_r2r_vio__count__corner:max_ss_100C_1v60": 0,
        "timing__setup_vio__count__corner:max_ss_100C_1v60": 0,
        "timing__setup_r2r__ws__corner:max_ss_100C_1v60": 22.478773,
        "timing__setup_r2r_vio__count__corner:max_ss_100C_1v60": 0,
        "timing__unannotated_net__count__corner:max_ss_100C_1v60": 22,
        "timing__unannotated_net_filtered__count__corner:max_ss_100C_1v60": 0,
        "design__max_slew_violation__count__corner:max_ff_n40C_1v95": 0,
        "design__max_fanout_violation__count__corner:max_ff_n40C_1v95": 0,
        "design__max_cap_violation__count__corner:max_ff_n40C_1v95": 0,
        "clock__skew__worst_hold__corner:max_ff_n40C_1v95": -0.0004106853862116292,
        "clock__skew__worst_setup__corner:max_ff_n40C_1v95": -0.0004106853862116292,
        "timing__hold__ws__corner:max_ff_n40C_1v95": 0.11161236140114146,
        "timing__setup__ws__corner:max_ff_n40C_1v95": 19.12937062898244,
        "timing__hold__tns__corner:max_ff_n40C_1v95": 0,
        "timing__setup__tns__corner:max_ff_n40C_1v95": 0,
        "timing__hold__wns__corner:max_ff_n40C_1v95": 0,
        "timing__setup__wns__corner:max_ff_n40C_1v95": 0,
        "timing__hold_vio__count__corner:max_ff_n40C_1v95": 0,
        "timing__hold_r2r__ws__corner:max_ff_n40C_1v95": 0.111612,
        "timing__hold_r2r_vio__count__corner:max_ff_n40C_1v95": 0,
        "timing__setup_vio__count__corner:max_ff_n40C_1v95": 0,
        "timing__setup_r2r__ws__corner:max_ff_n40C_1v95": 24.051949,
        "timing__setup_r2r_vio__count__corner:max_ff_n40C_1v95": 0,
        "timing__unannotated_net__count__corner:max_ff_n40C_1v95": 22,
        "timing__unannotated_net_filtered__count__corner:max_ff_n40C_1v95": 0,
        "timing__unannotated_net__count": 22,
        "timing__unannotated_net_filtered__count": 0,
        "design_powergrid__voltage__worst__net:VPWR__corner:nom_tt_025C_1v80": 1.79998,
        "design_powergrid__drop__average__net:VPWR__corner:nom_tt_025C_1v80": 1.8,
        "design_powergrid__drop__worst__net:VPWR__corner:nom_tt_025C_1v80": 2.35363e-05,
        "design_powergrid__voltage__worst__net:VGND__corner:nom_tt_025C_1v80": 1.77474e-05,
        "design_powergrid__drop__average__net:VGND__corner:nom_tt_025C_1v80": 1.34547e-07,
        "design_powergrid__drop__worst__net:VGND__corner:nom_tt_025C_1v80": 1.77474e-05,
        "ir__voltage__worst": 1.8,
        "ir__drop__avg": 1.43e-07,
        "ir__drop__worst": 2.35e-05
    }
}