{
    "time": {
        "cpu_time_user": "00:00:02.229",
        "cpu_time_system": "00:00:00.200",
        "runtime": "00:00:02.466",
        "cpu_time_iowait": "00:00:00.000"
    },
    "peak_resources": {
        "cpu_percent": 108.6,
        "memory_rss": "109MiB",
        "memory_vms": "241MiB",
        "threads": 2
    },
    "avg_resources": {
        "cpu_percent": 91.01923076923077,
        "memory_rss": "78MiB",
        "memory_vms": "200MiB",
        "threads": 1.7307692307692308
    }
}