{
    "time": {
        "cpu_time_user": "00:00:11.130",
        "cpu_time_system": "00:00:00.650",
        "runtime": "00:00:11.996",
        "cpu_time_iowait": "00:00:00.000"
    },
    "peak_resources": {
        "cpu_percent": 120.1,
        "memory_rss": "133MiB",
        "memory_vms": "856MiB",
        "threads": 9
    },
    "avg_resources": {
        "cpu_percent": 96.90857142857138,
        "memory_rss": "109MiB",
        "memory_vms": "693MiB",
        "threads": 6.104761904761906
    }
}