{
    "time": {
        "cpu_time_user": "00:00:01.960",
        "cpu_time_system": "00:00:00.170",
        "runtime": "00:00:02.231",
        "cpu_time_iowait": "00:00:00.000"
    },
    "peak_resources": {
        "cpu_percent": 106.5,
        "memory_rss": "105MiB",
        "memory_vms": "238MiB",
        "threads": 2
    },
    "avg_resources": {
        "cpu_percent": 87.18695652173913,
        "memory_rss": "68MiB",
        "memory_vms": "183MiB",
        "threads": 1.6521739130434783
    }
}