{
    "time": {
        "cpu_time_user": "00:00:01.790",
        "cpu_time_system": "00:00:00.190",
        "runtime": "00:00:02.024",
        "cpu_time_iowait": "00:00:00.000"
    },
    "peak_resources": {
        "cpu_percent": 108.8,
        "memory_rss": "114MiB",
        "memory_vms": "247MiB",
        "threads": 2
    },
    "avg_resources": {
        "cpu_percent": 88.92727272727272,
        "memory_rss": "72MiB",
        "memory_vms": "196MiB",
        "threads": 1.6818181818181819
    }
}